track_id,actual_plate,observation_index,frame,text,confidence,quality,sharpness,plate_confidence,resolution,method,candidate_source,interpolated
1,NA13NRU,1,4,NAIENRU,0.8026,0.8,1.0,0.6465,574,original,raw,False
1,NA13NRU,2,4,NAIENRU,0.7553,0.8,1.0,0.6465,574,gray,raw,False
1,NA13NRU,3,4,NAI3NRU,0.7634,0.8,1.0,0.6465,574,clahe,raw,False
1,NA13NRU,4,4,NAI3NRU,0.7236,0.8,1.0,0.6465,574,unsharp,raw,False
1,NA13NRU,5,4,MAIJNRU,0.7422,0.8,1.0,0.6465,574,otsu,raw,False
1,NA13NRU,6,4,HAIJIRU,0.6381,0.8,1.0,0.6465,574,adaptive,raw,False
1,NA13NRU,7,8,NAI3NRU,0.8021,0.8,1.0,0.6462,640,original,raw,False
1,NA13NRU,8,8,NAI3NRU,0.8245,0.8,1.0,0.6462,640,gray,raw,False
1,NA13NRU,9,8,NAI3RU,0.6248,0.8,1.0,0.6462,640,clahe,raw,False
1,NA13NRU,10,8,NAIERU,0.583,0.8,1.0,0.6462,640,unsharp,raw,False
1,NA13NRU,11,8,NAIJRU,0.5182,0.8,1.0,0.6462,640,otsu,raw,False
1,NA13NRU,12,8,UNU,0.6452,0.8,1.0,0.6462,640,adaptive,raw,False
1,NA13NRU,13,12,NAI3NRU,0.6558,0.8,1.0,0.6497,630,original,raw,False
1,NA13NRU,14,12,NAI3NRU,0.7389,0.8,1.0,0.6497,630,gray,raw,False
1,NA13NRU,15,12,NANRU,0.6156,0.8,1.0,0.6497,630,clahe,raw,False
1,NA13NRU,16,12,NANIU,0.6164,0.8,1.0,0.6497,630,unsharp,raw,False
1,NA13NRU,17,12,NADNRU,0.6872,0.8,1.0,0.6497,630,otsu,raw,False
1,NA13NRU,18,12,NADNAU,0.7458,0.8,1.0,0.6497,630,adaptive,raw,False
1,NA13NRU,19,16,NAI3NRU,0.7687,0.8,1.0,0.678,630,original,raw,False
1,NA13NRU,20,16,NAI3NRU,0.7763,0.8,1.0,0.678,630,gray,raw,False
1,NA13NRU,21,16,NAI3NRU,0.7167,0.8,1.0,0.678,630,clahe,raw,False
1,NA13NRU,22,16,NAIRU,0.7297,0.8,1.0,0.678,630,unsharp,raw,False
1,NA13NRU,23,16,NAU,0.4965,0.8,1.0,0.678,630,otsu,raw,False
1,NA13NRU,24,16,NAIJHRU,0.6057,0.8,1.0,0.678,630,adaptive,raw,False
1,NA13NRU,25,20,NAI3NRU,0.7839,0.8,1.0,0.6684,688,original,raw,False
1,NA13NRU,26,20,NAI3NRU,0.8207,0.8,1.0,0.6684,688,gray,raw,False
1,NA13NRU,27,20,NAN3RU,0.7142,0.8,1.0,0.6684,688,clahe,raw,False
1,NA13NRU,28,20,NAN3RU,0.7169,0.8,1.0,0.6684,688,unsharp,raw,False
1,NA13NRU,29,20,ME3NRU,0.5905,0.8,1.0,0.6684,688,otsu,raw,False
1,NA13NRU,30,20,NAHRU,0.5563,0.8,1.0,0.6684,688,adaptive,raw,False
1,NA13NRU,31,24,NAI3NRU,0.8862,0.8,1.0,0.5948,714,original,raw,False
1,NA13NRU,32,24,NAI3NRU,0.9231,0.8,1.0,0.5948,714,gray,raw,False
1,NA13NRU,33,24,NAI3NRU,0.6827,0.8,1.0,0.5948,714,clahe,raw,False
1,NA13NRU,34,24,NAN3NRU,0.6246,0.8,1.0,0.5948,714,unsharp,raw,False
1,NA13NRU,35,24,URAU,0.4963,0.8,1.0,0.5948,714,otsu,raw,False
1,NA13NRU,36,24,NAICRU,0.4475,0.8,1.0,0.5948,714,adaptive,raw,False
1,NA13NRU,37,28,NAI3NRU,0.7534,0.8,1.0,0.5831,748,original,raw,False
1,NA13NRU,38,28,NAI3NRU,0.7228,0.8,1.0,0.5831,748,gray,raw,False
1,NA13NRU,39,28,NAI3NRU,0.751,0.8,1.0,0.5831,748,clahe,raw,False
1,NA13NRU,40,28,NA3NRU,0.6771,0.8,1.0,0.5831,748,unsharp,raw,False
1,NA13NRU,41,28,NAINRU,0.5995,0.8,1.0,0.5831,748,otsu,raw,False
1,NA13NRU,42,28,RANU,0.4918,0.8,1.0,0.5831,748,adaptive,raw,False
1,NA13NRU,43,32,NAIENRU,0.7355,0.8,1.0,0.5445,882,original,raw,False
1,NA13NRU,44,32,NAIENRU,0.7534,0.8,1.0,0.5445,882,gray,raw,False
1,NA13NRU,45,32,NAI3NRU,0.8037,0.8,1.0,0.5445,882,clahe,raw,False
1,NA13NRU,46,32,NAIENRU,0.701,0.8,1.0,0.5445,882,unsharp,raw,False
1,NA13NRU,47,32,NAINRU,0.7013,0.8,1.0,0.5445,882,otsu,raw,False
1,NA13NRU,48,32,NAICNU,0.4429,0.8,1.0,0.5445,882,adaptive,raw,False
1,NA13NRU,49,36,NA13NRU,0.8754,0.8,1.0,0.6362,736,original,raw,False
1,NA13NRU,50,36,NA13NRU,0.9105,0.8,1.0,0.6362,736,gray,raw,False
1,NA13NRU,51,36,NAI3NRU,0.8554,0.8,1.0,0.6362,736,clahe,raw,False
1,NA13NRU,52,36,NAI3NRU,0.8945,0.8,1.0,0.6362,736,unsharp,raw,False
1,NA13NRU,53,36,NAI2NU,0.7935,0.8,1.0,0.6362,736,otsu,raw,False
1,NA13NRU,54,36,NAINIU,0.5356,0.8,1.0,0.6362,736,adaptive,raw,False
5,AP05JE0,1,84,APDSJ,0.843,0.8,1.0,0.3493,341,original,raw,False
5,AP05JE0,2,84,APDSJ,0.7821,0.8,1.0,0.3493,341,gray,raw,False
5,AP05JE0,3,84,TAPD5J,0.7461,0.8,1.0,0.3493,341,clahe,raw,False
5,AP05JE0,4,84,TAPDSJ,0.6833,0.8,1.0,0.3493,341,unsharp,raw,False
5,AP05JE0,5,84,1P05,0.6847,0.8,1.0,0.3493,341,otsu,raw,False
5,AP05JE0,6,84,PINGSX,0.4151,0.8,1.0,0.3493,341,adaptive,raw,False
5,AP05JE0,7,88,APOSJOY,0.756,0.8,1.0,0.2346,261,original,raw,False
5,AP05JE0,8,88,APOSJGY,0.7437,0.8,1.0,0.2346,261,gray,raw,False
5,AP05JE0,9,88,1P0530,0.729,0.8,1.0,0.2346,261,clahe,raw,False
5,AP05JE0,10,88,1P0530,0.6775,0.8,1.0,0.2346,261,unsharp,raw,False
5,AP05JE0,11,88,1P53F,0.5083,0.8,1.0,0.2346,261,otsu,raw,False
5,AP05JE0,12,88,N9C5T,0.315,0.8,1.0,0.2346,261,adaptive,raw,False
5,AP05JE0,13,96,APOSJE0,0.7743,0.8,1.0,0.3469,341,original,raw,False
5,AP05JE0,14,96,APOSJE0,0.7908,0.8,1.0,0.3469,341,gray,raw,False
5,AP05JE0,15,96,AP05J00,0.7156,0.8,1.0,0.3469,341,clahe,raw,False
5,AP05JE0,16,96,AP05J00,0.7196,0.8,1.0,0.3469,341,unsharp,raw,False
5,AP05JE0,17,96,1P05A0,0.5571,0.8,1.0,0.3469,341,otsu,raw,False
5,AP05JE0,18,96,IPOSXO,0.7055,0.8,1.0,0.3469,341,adaptive,raw,False
5,AP05JE0,19,100,3905JED,0.8244,0.8,1.0,0.43,490,original,raw,False
5,AP05JE0,20,100,3905JED,0.8525,0.8,1.0,0.43,490,gray,raw,False
5,AP05JE0,21,100,3905JED,0.8392,0.8,1.0,0.43,490,clahe,raw,False
5,AP05JE0,22,100,3905JED,0.8235,0.8,1.0,0.43,490,unsharp,raw,False
5,AP05JE0,23,100,119050,0.7524,0.8,1.0,0.43,490,otsu,raw,False
5,AP05JE0,24,100,119055EO,0.4863,0.8,1.0,0.43,490,adaptive,raw,False
5,AP05JE0,25,104,APOSJKO,0.7433,0.8,1.0,0.3519,481,original,raw,False
5,AP05JE0,26,104,APOSJKO,0.7749,0.8,1.0,0.3519,481,gray,raw,False
5,AP05JE0,27,104,APOSJKO,0.7619,0.8,1.0,0.3519,481,clahe,raw,False
5,AP05JE0,28,104,APOSJKO,0.8341,0.8,1.0,0.3519,481,unsharp,raw,False
5,AP05JE0,29,104,AP0SAO,0.6527,0.8,1.0,0.3519,481,otsu,raw,False
5,AP05JE0,30,104,FAPO5XOT,0.6007,0.8,1.0,0.3519,481,adaptive,raw,False
5,AP05JE0,31,108,FAPOSJEO,0.8171,0.8,1.0,0.5521,468,original,raw,False
5,AP05JE0,32,108,FAPOSJEO,0.759,0.8,1.0,0.5521,468,gray,raw,False
5,AP05JE0,33,108,FAPO5JEO,0.7362,0.8,1.0,0.5521,468,clahe,raw,False
5,AP05JE0,34,108,FAPO5JEO,0.7298,0.8,1.0,0.5521,468,unsharp,raw,False
5,AP05JE0,35,108,LPOSO,0.829,0.8,1.0,0.5521,468,otsu,raw,False
5,AP05JE0,36,108,11905J50,0.8256,0.8,1.0,0.5521,468,adaptive,raw,False
5,AP05JE0,37,112,APCS,0.6299,0.8,1.0,0.2359,481,original,raw,False
5,AP05JE0,38,112,APOS30,0.6038,0.8,1.0,0.2359,481,gray,raw,False
5,AP05JE0,39,112,FAPCS30,0.6433,0.8,1.0,0.2359,481,clahe,raw,False
5,AP05JE0,40,112,FAPC530,0.5763,0.8,1.0,0.2359,481,unsharp,raw,False
5,AP05JE0,41,112,IPCSXO,0.7761,0.8,1.0,0.2359,481,otsu,raw,False
5,AP05JE0,42,112,PI5C5XO,0.7408,0.8,1.0,0.2359,481,adaptive,raw,False
5,AP05JE0,43,116,APOSJE0,0.7672,0.8,1.0,0.4128,340,original,raw,False
5,AP05JE0,44,116,APOSJE0,0.8016,0.8,1.0,0.4128,340,gray,raw,False
5,AP05JE0,45,116,AFOSJ50,0.7062,0.8,1.0,0.4128,340,clahe,raw,False
5,AP05JE0,46,116,AFOSJ50,0.6891,0.8,1.0,0.4128,340,unsharp,raw,False
5,AP05JE0,47,116,AFOSRO,0.5832,0.8,1.0,0.4128,340,otsu,raw,False
5,AP05JE0,48,116,NECSRO,0.5924,0.8,1.0,0.4128,340,adaptive,raw,False
5,AP05JE0,49,120,AP05JE0,0.8436,0.8,1.0,0.6032,385,original,raw,False
5,AP05JE0,50,120,AP05JE0,0.8358,0.8,1.0,0.6032,385,gray,raw,False
5,AP05JE0,51,120,FAP05JEO,0.7632,0.8,1.0,0.6032,385,clahe,raw,False
5,AP05JE0,52,120,AP05JEO,0.7755,0.8,1.0,0.6032,385,unsharp,raw,False
5,AP05JE0,53,120,APOSO,0.7352,0.8,1.0,0.6032,385,otsu,raw,False
5,AP05JE0,54,120,SIF05FO,0.5736,0.8,1.0,0.6032,385,adaptive,raw,False
5,AP05JE0,55,124,AP0560,0.8579,0.8,1.0,0.6326,385,original,raw,False
5,AP05JE0,56,124,AP05E0,0.8366,0.8,1.0,0.6326,385,gray,raw,False
5,AP05JE0,57,124,AP05JE0,0.7764,0.8,1.0,0.6326,385,clahe,raw,False
5,AP05JE0,58,124,AP05JE0,0.7708,0.8,1.0,0.6326,385,unsharp,raw,False
5,AP05JE0,59,124,Y1P05JE0,0.7297,0.8,1.0,0.6326,385,otsu,raw,False
5,AP05JE0,60,124,Y1P05J50,0.7204,0.8,1.0,0.6326,385,adaptive,raw,False
5,AP05JE0,61,128,APOSJED,0.8202,0.8,1.0,0.5749,444,original,raw,False
5,AP05JE0,62,128,APOSJED,0.8303,0.8,1.0,0.5749,444,gray,raw,False
5,AP05JE0,63,128,FAPOSJED,0.9008,0.8,1.0,0.5749,444,clahe,raw,False
5,AP05JE0,64,128,FAPOSJED,0.8804,0.8,1.0,0.5749,444,unsharp,raw,False
5,AP05JE0,65,128,APOSED,0.8438,0.8,1.0,0.5749,444,otsu,raw,False
5,AP05JE0,66,128,TIPOSEO,0.7184,0.8,1.0,0.5749,444,adaptive,raw,False
5,AP05JE0,67,132,AP05JEO,0.8928,0.8,1.0,0.5873,370,original,raw,False
5,AP05JE0,68,132,AP05JEO,0.9066,0.8,1.0,0.5873,370,gray,raw,False
5,AP05JE0,69,132,APOSJEO,0.9048,0.8,1.0,0.5873,370,clahe,raw,False
5,AP05JE0,70,132,APOSJEO,0.8324,0.8,1.0,0.5873,370,unsharp,raw,False
5,AP05JE0,71,132,1P050,0.9355,0.8,1.0,0.5873,370,otsu,raw,False
5,AP05JE0,72,132,IF05JEOT,0.7308,0.8,1.0,0.5873,370,adaptive,raw,False
5,AP05JE0,73,136,APOSJEO,0.8379,0.8,1.0,0.6568,407,original,raw,False
5,AP05JE0,74,136,APO5JEO,0.8338,0.8,1.0,0.6568,407,gray,raw,False
5,AP05JE0,75,136,TAPOSJEO,0.8964,0.8,1.0,0.6568,407,clahe,raw,False
5,AP05JE0,76,136,TAPOSJEO,0.8983,0.8,1.0,0.6568,407,unsharp,raw,False
5,AP05JE0,77,136,FAPCSJED,0.8763,0.8,1.0,0.6568,407,otsu,raw,False
5,AP05JE0,78,136,TAPCSJEO,0.916,0.8,1.0,0.6568,407,adaptive,raw,False
5,AP05JE0,79,140,APOSJED,0.9534,0.8,1.0,0.6142,407,original,raw,False
5,AP05JE0,80,140,APOSJED,0.8944,0.8,1.0,0.6142,407,gray,raw,False
5,AP05JE0,81,140,FAPOSJED,0.9505,0.8,1.0,0.6142,407,clahe,raw,False
5,AP05JE0,82,140,FAPOSJED,0.9135,0.8,1.0,0.6142,407,unsharp,raw,False
5,AP05JE0,83,140,1APOSSO,0.7199,0.8,1.0,0.6142,407,otsu,raw,False
5,AP05JE0,84,140,FAFO5J6O,0.6546,0.8,1.0,0.6142,407,adaptive,raw,False
5,AP05JE0,85,144,APO5JEO,0.8588,0.8,1.0,0.6475,456,original,raw,False
5,AP05JE0,86,144,APO5JEO,0.868,0.8,1.0,0.6475,456,gray,raw,False
5,AP05JE0,87,144,AP05JEO,0.862,0.8,1.0,0.6475,456,clahe,raw,False
5,AP05JE0,88,144,TAP05JEO,0.8421,0.8,1.0,0.6475,456,unsharp,raw,False
5,AP05JE0,89,144,APOSJEO,0.8678,0.8,1.0,0.6475,456,otsu,raw,False
5,AP05JE0,90,144,NIF05JEO,0.8308,0.8,1.0,0.6475,456,adaptive,raw,False
5,AP05JE0,91,148,AP05J60,0.7913,0.8,1.0,0.6359,456,original,raw,False
5,AP05JE0,92,148,AP05J60,0.843,0.8,1.0,0.6359,456,gray,raw,False
5,AP05JE0,93,148,AP05JEO,0.8464,0.8,1.0,0.6359,456,clahe,raw,False
5,AP05JE0,94,148,AP05JE0,0.7874,0.8,1.0,0.6359,456,unsharp,raw,False
5,AP05JE0,95,148,APO5JEO,0.8223,0.8,1.0,0.6359,456,otsu,raw,False
5,AP05JE0,96,148,APOSJEOL,0.8988,0.8,1.0,0.6359,456,adaptive,raw,False
5,AP05JE0,97,152,APOSJED,0.9466,0.8,1.0,0.5771,456,original,raw,False
5,AP05JE0,98,152,APOSJED,0.9455,0.8,1.0,0.5771,456,gray,raw,False
5,AP05JE0,99,152,TAPOSJED,0.9829,0.8,1.0,0.5771,456,clahe,raw,False
5,AP05JE0,100,152,TAPOSJED,0.9817,0.8,1.0,0.5771,456,unsharp,raw,False
5,AP05JE0,101,152,FAPOSJEO,0.7819,0.8,1.0,0.5771,456,otsu,raw,False
5,AP05JE0,102,152,TIPOSJED,0.9753,0.8,1.0,0.5771,456,adaptive,raw,False
5,AP05JE0,103,156,APO5JEO,0.8297,0.8,1.0,0.5968,468,original,raw,False
5,AP05JE0,104,156,APO5JEO,0.8623,0.8,1.0,0.5968,468,gray,raw,False
5,AP05JE0,105,156,APO5JEO,0.8961,0.8,1.0,0.5968,468,clahe,raw,False
5,AP05JE0,106,156,APO5JEO,0.8537,0.8,1.0,0.5968,468,unsharp,raw,False
5,AP05JE0,107,156,APOSJED,0.8477,0.8,1.0,0.5968,468,otsu,raw,False
5,AP05JE0,108,156,P05JEO,0.8671,0.8,1.0,0.5968,468,adaptive,raw,False
5,AP05JE0,109,160,APOSJED,0.9109,0.8,1.0,0.6636,507,original,raw,False
5,AP05JE0,110,160,APOSJED,0.9403,0.8,1.0,0.6636,507,gray,raw,False
5,AP05JE0,111,160,APOSJED,0.8974,0.8,1.0,0.6636,507,clahe,raw,False
5,AP05JE0,112,160,TAPOSJEO,0.8256,0.8,1.0,0.6636,507,unsharp,raw,False
5,AP05JE0,113,160,APOSED,0.8683,0.8,1.0,0.6636,507,otsu,raw,False
5,AP05JE0,114,160,TAPOSJED,0.8848,0.8,1.0,0.6636,507,adaptive,raw,False
5,AP05JE0,115,164,APOSJEO,0.8536,0.8,1.0,0.7008,507,original,raw,False
5,AP05JE0,116,164,APOSJEO,0.8088,0.8,1.0,0.7008,507,gray,raw,False
5,AP05JE0,117,164,APDSJEO,0.9014,0.8,1.0,0.7008,507,clahe,raw,False
5,AP05JE0,118,164,APDSJEO,0.9088,0.8,1.0,0.7008,507,unsharp,raw,False
5,AP05JE0,119,164,1POSJEO,0.852,0.8,1.0,0.7008,507,otsu,raw,False
5,AP05JE0,120,164,NAPOSJEO,0.8351,0.8,1.0,0.7008,507,adaptive,raw,False
5,AP05JE0,121,168,APOS3EO,0.7361,0.8,1.0,0.6937,560,original,raw,False
5,AP05JE0,122,168,APOSJEO,0.771,0.8,1.0,0.6937,560,gray,raw,False
5,AP05JE0,123,168,APO5JEO,0.8094,0.8,1.0,0.6937,560,clahe,raw,False
5,AP05JE0,124,168,APO5JEO,0.8045,0.8,1.0,0.6937,560,unsharp,raw,False
5,AP05JE0,125,168,LPO5JEO,0.7526,0.8,1.0,0.6937,560,otsu,raw,False
5,AP05JE0,126,168,1P05JO,0.8222,0.8,1.0,0.6937,560,adaptive,raw,False
5,AP05JE0,127,172,APOSJEO,0.9437,0.8,1.0,0.6846,560,original,raw,False
5,AP05JE0,128,172,APOSJEO,0.9152,0.8,1.0,0.6846,560,gray,raw,False
5,AP05JE0,129,172,APOSJEO,0.9499,0.8,1.0,0.6846,560,clahe,raw,False
5,AP05JE0,130,172,APOSJEO,0.9475,0.8,1.0,0.6846,560,unsharp,raw,False
5,AP05JE0,131,172,1PO5EO,0.6448,0.8,1.0,0.6846,560,otsu,raw,False
5,AP05JE0,132,172,TIFOSJEO,0.7898,0.8,1.0,0.6846,560,adaptive,raw,False
5,AP05JE0,133,176,APOSJED,0.9127,0.8,1.0,0.7155,533,original,raw,False
5,AP05JE0,134,176,APOSJEO,0.8804,0.8,1.0,0.7155,533,gray,raw,False
5,AP05JE0,135,176,FAPOSJEO,0.9272,0.8,1.0,0.7155,533,clahe,raw,False
5,AP05JE0,136,176,FAPOSJEO,0.8996,0.8,1.0,0.7155,533,unsharp,raw,False
5,AP05JE0,137,176,APOSEO,0.8774,0.8,1.0,0.7155,533,otsu,raw,False
5,AP05JE0,138,176,TAPOSJEO,0.8606,0.8,1.0,0.7155,533,adaptive,raw,False
5,AP05JE0,139,180,AP05JED,0.9197,0.8,1.0,0.6958,615,original,raw,False
5,AP05JE0,140,180,AP05JED,0.915,0.8,1.0,0.6958,615,gray,raw,False
5,AP05JE0,141,180,FAP05JED,0.8774,0.8,1.0,0.6958,615,clahe,raw,False
5,AP05JE0,142,180,FAP05JED,0.8569,0.8,1.0,0.6958,615,unsharp,raw,False
5,AP05JE0,143,180,1APO5JED,0.7766,0.8,1.0,0.6958,615,otsu,raw,False
5,AP05JE0,144,180,FIPO5JED,0.8483,0.8,1.0,0.6958,615,adaptive,raw,False
5,AP05JE0,145,184,APOSJED,0.8876,0.8,1.0,0.6833,507,original,raw,False
5,AP05JE0,146,184,APOSJED,0.8927,0.8,1.0,0.6833,507,gray,raw,False
5,AP05JE0,147,184,APOSJEO,0.9597,0.8,1.0,0.6833,507,clahe,raw,False
5,AP05JE0,148,184,APOSJEO,0.9493,0.8,1.0,0.6833,507,unsharp,raw,False
5,AP05JE0,149,184,AP05JEO,0.7938,0.8,1.0,0.6833,507,otsu,raw,False
5,AP05JE0,150,184,1F05JEO,0.8662,0.8,1.0,0.6833,507,adaptive,raw,False
5,AP05JE0,151,188,APOSJEO,0.8971,0.8,1.0,0.6438,574,original,raw,False
5,AP05JE0,152,188,APOSJEO,0.875,0.8,1.0,0.6438,574,gray,raw,False
5,AP05JE0,153,188,APOSJEO,0.8624,0.8,1.0,0.6438,574,clahe,raw,False
5,AP05JE0,154,188,APOSJEO,0.8735,0.8,1.0,0.6438,574,unsharp,raw,False
5,AP05JE0,155,188,APOSJEO,0.9499,0.8,1.0,0.6438,574,otsu,raw,False
5,AP05JE0,156,188,APOSJEO,0.9636,0.8,1.0,0.6438,574,adaptive,raw,False
5,AP05JE0,157,192,APOSJEO,0.9381,0.8,1.0,0.6975,616,original,raw,False
5,AP05JE0,158,192,APOSJEO,0.9328,0.8,1.0,0.6975,616,gray,raw,False
5,AP05JE0,159,192,TAPOSJEO,0.9009,0.8,1.0,0.6975,616,clahe,raw,False
5,AP05JE0,160,192,TAPOSJEO,0.897,0.8,1.0,0.6975,616,unsharp,raw,False
5,AP05JE0,161,192,TAPOSJEO,0.9335,0.8,1.0,0.6975,616,otsu,raw,False
5,AP05JE0,162,192,TAPOSJEO,0.9301,0.8,1.0,0.6975,616,adaptive,raw,False
5,AP05JE0,163,196,APOSJEO,0.9301,0.8,1.0,0.6824,616,original,raw,False
5,AP05JE0,164,196,APOSJEO,0.9228,0.8,1.0,0.6824,616,gray,raw,False
5,AP05JE0,165,196,APOSJEO,0.9071,0.8,1.0,0.6824,616,clahe,raw,False
5,AP05JE0,166,196,APOSJEO,0.9084,0.8,1.0,0.6824,616,unsharp,raw,False
5,AP05JE0,167,196,APOSJEO,0.8818,0.8,1.0,0.6824,616,otsu,raw,False
5,AP05JE0,168,196,NPOSJEO,0.9125,0.8,1.0,0.6824,616,adaptive,raw,False
5,AP05JE0,169,200,APOSJEO,0.9482,0.8,1.0,0.6326,660,original,raw,False
5,AP05JE0,170,200,APOSJEO,0.9373,0.8,1.0,0.6326,660,gray,raw,False
5,AP05JE0,171,200,APOSJEO,0.949,0.8,1.0,0.6326,660,clahe,raw,False
5,AP05JE0,172,200,APOSJEO,0.9519,0.8,1.0,0.6326,660,unsharp,raw,False
5,AP05JE0,173,200,APOSJEO,0.9851,0.8,1.0,0.6326,660,otsu,raw,False
5,AP05JE0,174,200,FAFOSJEO,0.9239,0.8,1.0,0.6326,660,adaptive,raw,False
5,AP05JE0,175,204,APOSJEO,0.9572,0.8,1.0,0.6036,736,original,raw,False
5,AP05JE0,176,204,APOSJEO,0.947,0.8,1.0,0.6036,736,gray,raw,False
5,AP05JE0,177,204,FAPOSJEO,0.9274,0.8,1.0,0.6036,736,clahe,raw,False
5,AP05JE0,178,204,FAPOSJEO,0.8607,0.8,1.0,0.6036,736,unsharp,raw,False
5,AP05JE0,179,204,LFOSJEO,0.834,0.8,1.0,0.6036,736,otsu,raw,False
5,AP05JE0,180,204,FIFO5JEO,0.7622,0.8,1.0,0.6036,736,adaptive,raw,False
5,AP05JE0,181,208,APOSJEO,0.9038,0.8,1.0,0.5613,690,original,raw,False
5,AP05JE0,182,208,APOSJEO,0.8702,0.8,1.0,0.5613,690,gray,raw,False
5,AP05JE0,183,208,APOSJEO,0.9185,0.8,1.0,0.5613,690,clahe,raw,False
5,AP05JE0,184,208,APOSJEO,0.8904,0.8,1.0,0.5613,690,unsharp,raw,False
5,AP05JE0,185,208,APOSJEO,0.963,0.8,1.0,0.5613,690,otsu,raw,False
5,AP05JE0,186,208,APOSJEO,0.917,0.8,1.0,0.5613,690,adaptive,raw,False
5,AP05JE0,187,212,APOSJEO,0.9147,0.8,1.0,0.6434,816,original,raw,False
5,AP05JE0,188,212,APOSJEO,0.8886,0.8,1.0,0.6434,816,gray,raw,False
5,AP05JE0,189,212,APOSJEO,0.9273,0.8,1.0,0.6434,816,clahe,raw,False
5,AP05JE0,190,212,APOSJEO,0.9233,0.8,1.0,0.6434,816,unsharp,raw,False
5,AP05JE0,191,212,APOSJEO,0.9857,0.8,1.0,0.6434,816,otsu,raw,False
5,AP05JE0,192,212,FAPOSJEO,0.852,0.8,1.0,0.6434,816,adaptive,raw,False
5,AP05JE0,193,216,APOSJEO,0.9674,0.8,1.0,0.6144,768,original,raw,False
5,AP05JE0,194,216,APOSJEO,0.9569,0.8,1.0,0.6144,768,gray,raw,False
5,AP05JE0,195,216,FAPOSJEO,0.9294,0.8,1.0,0.6144,768,clahe,raw,False
5,AP05JE0,196,216,FAPOSJEO,0.9054,0.8,1.0,0.6144,768,unsharp,raw,False
5,AP05JE0,197,216,1APOSJEO,0.9089,0.8,1.0,0.6144,768,otsu,raw,False
5,AP05JE0,198,216,APOSJEO,0.9063,0.8,1.0,0.6144,768,adaptive,raw,False
5,AP05JE0,199,220,AP0SJED,0.8406,0.8,1.0,0.3723,810,original,raw,False
5,AP05JE0,200,220,AP05JED,0.8534,0.8,1.0,0.3723,810,gray,raw,False
5,AP05JE0,201,220,APOSJED,0.8698,0.8,1.0,0.3723,810,clahe,raw,False
5,AP05JE0,202,220,APOSJED,0.8899,0.8,1.0,0.3723,810,unsharp,raw,False
5,AP05JE0,203,220,APOSJED,0.9611,0.8,1.0,0.3723,810,otsu,raw,False
5,AP05JE0,204,220,POSJEOI,0.7794,0.8,1.0,0.3723,810,adaptive,raw,False
7,GXI50GJ,1,8,C1500J,0.4975,0.8,1.0,0.5587,341,original,raw,False
7,GXI50GJ,2,8,C1600J,0.5297,0.8,1.0,0.5587,341,gray,raw,False
7,GXI50GJ,3,8,C1600,0.489,0.8,1.0,0.5587,341,clahe,raw,False
7,GXI50GJ,4,8,C1600,0.5271,0.8,1.0,0.5587,341,unsharp,raw,False
7,GXI50GJ,5,8,E15602,0.6336,0.8,1.0,0.5587,341,otsu,raw,False
7,GXI50GJ,6,8,C23,0.3449,0.8,1.0,0.5587,341,adaptive,raw,False
7,GXI50GJ,7,24,CXISOGJ,0.8606,0.8,1.0,0.3323,372,original,raw,False
7,GXI50GJ,8,24,CXISOGJ,0.887,0.8,1.0,0.3323,372,gray,raw,False
7,GXI50GJ,9,24,CXISOGJ,0.7723,0.8,1.0,0.3323,372,clahe,raw,False
7,GXI50GJ,10,24,CXISOGJ,0.7851,0.8,1.0,0.3323,372,unsharp,raw,False
7,GXI50GJ,11,24,CTISOCJ,0.9223,0.8,1.0,0.3323,372,otsu,raw,False
7,GXI50GJ,12,24,CSOCJ,0.5038,0.8,1.0,0.3323,372,adaptive,raw,False
7,GXI50GJ,13,28,CXI5OCJ,0.7941,0.8,1.0,0.4252,341,original,raw,False
7,GXI50GJ,14,28,CXI5OCJ,0.8009,0.8,1.0,0.4252,341,gray,raw,False
7,GXI50GJ,15,28,GU50CJ,0.6672,0.8,1.0,0.4252,341,clahe,raw,False
7,GXI50GJ,16,28,G050CJ,0.6702,0.8,1.0,0.4252,341,unsharp,raw,False
7,GXI50GJ,17,28,G15OC,0.6978,0.8,1.0,0.4252,341,otsu,raw,False
7,GXI50GJ,18,28,G150C,0.5727,0.8,1.0,0.4252,341,adaptive,raw,False
7,GXI50GJ,19,32,GXISOGJ,0.7283,0.8,1.0,0.4653,396,original,raw,False
7,GXI50GJ,20,32,GXIS0GJ,0.7725,0.8,1.0,0.4653,396,gray,raw,False
7,GXI50GJ,21,32,GXISOGJ,0.8254,0.8,1.0,0.4653,396,clahe,raw,False
7,GXI50GJ,22,32,GXISOGJ,0.7852,0.8,1.0,0.4653,396,unsharp,raw,False
7,GXI50GJ,23,32,CTISOCJ,0.8496,0.8,1.0,0.4653,396,otsu,raw,False
7,GXI50GJ,24,32,GTISCCST,0.7296,0.8,1.0,0.4653,396,adaptive,raw,False
7,GXI50GJ,25,36,GYISOCJ,0.8022,0.8,1.0,0.3873,455,original,raw,False
7,GXI50GJ,26,36,GYISOCJ,0.7687,0.8,1.0,0.3873,455,gray,raw,False
7,GXI50GJ,27,36,GYISOCJ,0.7199,0.8,1.0,0.3873,455,clahe,raw,False
7,GXI50GJ,28,36,GYISOCJ,0.6893,0.8,1.0,0.3873,455,unsharp,raw,False
7,GXI50GJ,29,36,CTISOCJ,0.753,0.8,1.0,0.3873,455,otsu,raw,False
7,GXI50GJ,30,36,GNSOCJ,0.651,0.8,1.0,0.3873,455,adaptive,raw,False
7,GXI50GJ,31,40,CXI5OGJ,0.7637,0.8,1.0,0.5182,352,original,raw,False
7,GXI50GJ,32,40,CX050GJ,0.7033,0.8,1.0,0.5182,352,gray,raw,False
7,GXI50GJ,33,40,C05CCJ,0.7437,0.8,1.0,0.5182,352,clahe,raw,False
7,GXI50GJ,34,40,C05CCJ,0.7365,0.8,1.0,0.5182,352,unsharp,raw,False
7,GXI50GJ,35,40,CTSOCJ,0.638,0.8,1.0,0.5182,352,otsu,raw,False
7,GXI50GJ,36,40,CTSCCJ,0.9196,0.8,1.0,0.5182,352,adaptive,raw,False
7,GXI50GJ,37,44,GXISOGJ,0.9069,0.8,1.0,0.3925,408,original,raw,False
7,GXI50GJ,38,44,GXISOGJ,0.8885,0.8,1.0,0.3925,408,gray,raw,False
7,GXI50GJ,39,44,GYISOGJ,0.8946,0.8,1.0,0.3925,408,clahe,raw,False
7,GXI50GJ,40,44,GYISOGJ,0.9239,0.8,1.0,0.3925,408,unsharp,raw,False
7,GXI50GJ,41,44,GYISOCJ,0.9418,0.8,1.0,0.3925,408,otsu,raw,False
7,GXI50GJ,42,44,GYISOCJ,0.8783,0.8,1.0,0.3925,408,adaptive,raw,False
7,GXI50GJ,43,48,GXISOGJ,0.8443,0.8,1.0,0.5648,416,original,raw,False
7,GXI50GJ,44,48,GXISOGJ,0.8492,0.8,1.0,0.5648,416,gray,raw,False
7,GXI50GJ,45,48,GXISOGJ,0.8143,0.8,1.0,0.5648,416,clahe,raw,False
7,GXI50GJ,46,48,GXISOGJ,0.831,0.8,1.0,0.5648,416,unsharp,raw,False
7,GXI50GJ,47,48,CYISOCJ,0.7197,0.8,1.0,0.5648,416,otsu,raw,False
7,GXI50GJ,48,48,GISOC,0.6191,0.8,1.0,0.5648,416,adaptive,raw,False
7,GXI50GJ,49,52,CXISOSJ,0.7761,0.8,1.0,0.6213,408,original,raw,False
7,GXI50GJ,50,52,CXISOSJ,0.7428,0.8,1.0,0.6213,408,gray,raw,False
7,GXI50GJ,51,52,GXISOSJ,0.7246,0.8,1.0,0.6213,408,clahe,raw,False
7,GXI50GJ,52,52,CXSOSJ,0.7427,0.8,1.0,0.6213,408,unsharp,raw,False
7,GXI50GJ,53,52,CHISOCJ,0.7024,0.8,1.0,0.6213,408,otsu,raw,False
7,GXI50GJ,54,52,CHSOSJ,0.7397,0.8,1.0,0.6213,408,adaptive,raw,False
7,GXI50GJ,55,56,GXI50GJ,0.8914,0.8,1.0,0.6612,442,original,raw,False
7,GXI50GJ,56,56,GXI50GJ,0.9115,0.8,1.0,0.6612,442,gray,raw,False
7,GXI50GJ,57,56,GXI50GJ,0.8644,0.8,1.0,0.6612,442,clahe,raw,False
7,GXI50GJ,58,56,GXI50GJ,0.8758,0.8,1.0,0.6612,442,unsharp,raw,False
7,GXI50GJ,59,56,GXISOGJ,0.8945,0.8,1.0,0.6612,442,otsu,raw,False
7,GXI50GJ,60,56,GXISOGJ,0.974,0.8,1.0,0.6612,442,adaptive,raw,False
7,GXI50GJ,61,60,GXI5OOJ,0.8312,0.8,1.0,0.5799,429,original,raw,False
7,GXI50GJ,62,60,GXI5OGJ,0.82,0.8,1.0,0.5799,429,gray,raw,False
7,GXI50GJ,63,60,GXI5OGJ,0.8276,0.8,1.0,0.5799,429,clahe,raw,False
7,GXI50GJ,64,60,GXI5OGJ,0.8336,0.8,1.0,0.5799,429,unsharp,raw,False
7,GXI50GJ,65,60,CXISOCJ,0.8197,0.8,1.0,0.5799,429,otsu,raw,False
7,GXI50GJ,66,60,CXISOGJ,0.7636,0.8,1.0,0.5799,429,adaptive,raw,False
7,GXI50GJ,67,64,GXI5OGJ,0.8695,0.8,1.0,0.595,442,original,raw,False
7,GXI50GJ,68,64,GXI50GJ,0.884,0.8,1.0,0.595,442,gray,raw,False
7,GXI50GJ,69,64,GXI50GJ,0.8845,0.8,1.0,0.595,442,clahe,raw,False
7,GXI50GJ,70,64,GXI50GJ,0.8762,0.8,1.0,0.595,442,unsharp,raw,False
7,GXI50GJ,71,64,GTS5OGJ,0.7875,0.8,1.0,0.595,442,otsu,raw,False
7,GXI50GJ,72,64,GYISOGJ,0.7497,0.8,1.0,0.595,442,adaptive,raw,False
7,GXI50GJ,73,68,GXI5OGJ,0.8954,0.8,1.0,0.3667,468,original,raw,False
7,GXI50GJ,74,68,GXI5OGJ,0.9014,0.8,1.0,0.3667,468,gray,raw,False
7,GXI50GJ,75,68,GXI5OGJ,0.8754,0.8,1.0,0.3667,468,clahe,raw,False
7,GXI50GJ,76,68,GXI5OGJ,0.8921,0.8,1.0,0.3667,468,unsharp,raw,False
7,GXI50GJ,77,68,GXISOCJ,0.8973,0.8,1.0,0.3667,468,otsu,raw,False
7,GXI50GJ,78,68,GXISOCJ,0.9388,0.8,1.0,0.3667,468,adaptive,raw,False
7,GXI50GJ,79,72,GXI5OGJ,0.8738,0.8,1.0,0.5008,468,original,raw,False
7,GXI50GJ,80,72,GXISOGJ,0.8901,0.8,1.0,0.5008,468,gray,raw,False
7,GXI50GJ,81,72,GXISOGJ,0.9261,0.8,1.0,0.5008,468,clahe,raw,False
7,GXI50GJ,82,72,GXISOGJ,0.8928,0.8,1.0,0.5008,468,unsharp,raw,False
7,GXI50GJ,83,72,GXISOGJ,0.916,0.8,1.0,0.5008,468,otsu,raw,False
7,GXI50GJ,84,72,GXISOGJ,0.9761,0.8,1.0,0.5008,468,adaptive,raw,False
7,GXI50GJ,85,76,CXISOGJ,0.8656,0.8,1.0,0.5324,518,original,raw,False
7,GXI50GJ,86,76,GXISOGJ,0.8687,0.8,1.0,0.5324,518,gray,raw,False
7,GXI50GJ,87,76,GXISOGJ,0.913,0.8,1.0,0.5324,518,clahe,raw,False
7,GXI50GJ,88,76,GXISOGJ,0.9221,0.8,1.0,0.5324,518,unsharp,raw,False
7,GXI50GJ,89,76,CXI5OCJ,0.7957,0.8,1.0,0.5324,518,otsu,raw,False
7,GXI50GJ,90,76,CX150CJ,0.7533,0.8,1.0,0.5324,518,adaptive,raw,False
7,GXI50GJ,91,80,GXISOGJ,0.9721,0.8,1.0,0.4947,532,original,raw,False
7,GXI50GJ,92,80,GXISOGJ,0.968,0.8,1.0,0.4947,532,gray,raw,False
7,GXI50GJ,93,80,GXISOGJ,0.9105,0.8,1.0,0.4947,532,clahe,raw,False
7,GXI50GJ,94,80,GXISOGJ,0.9569,0.8,1.0,0.4947,532,unsharp,raw,False
7,GXI50GJ,95,80,GXISOCJ,0.891,0.8,1.0,0.4947,532,otsu,raw,False
7,GXI50GJ,96,80,GXISOCJ,0.8903,0.8,1.0,0.4947,532,adaptive,raw,False
7,GXI50GJ,97,84,GXISOCJ,0.9146,0.8,1.0,0.5827,518,original,raw,False
7,GXI50GJ,98,84,GXISOCJ,0.9121,0.8,1.0,0.5827,518,gray,raw,False
7,GXI50GJ,99,84,GXISOCJ,0.9189,0.8,1.0,0.5827,518,clahe,raw,False
7,GXI50GJ,100,84,GXISOGJ,0.9209,0.8,1.0,0.5827,518,unsharp,raw,False
7,GXI50GJ,101,84,GXISOCJ,0.8935,0.8,1.0,0.5827,518,otsu,raw,False
7,GXI50GJ,102,84,GXISOCJ,0.948,0.8,1.0,0.5827,518,adaptive,raw,False
7,GXI50GJ,103,88,GXI5OGJ,0.863,0.8,1.0,0.5754,532,original,raw,False
7,GXI50GJ,104,88,GXI5OGJ,0.8693,0.8,1.0,0.5754,532,gray,raw,False
7,GXI50GJ,105,88,GXI5OGJ,0.8634,0.8,1.0,0.5754,532,clahe,raw,False
7,GXI50GJ,106,88,GXI5OGJ,0.8713,0.8,1.0,0.5754,532,unsharp,raw,False
7,GXI50GJ,107,88,CXISOCJ,0.8892,0.8,1.0,0.5754,532,otsu,raw,False
7,GXI50GJ,108,88,GXISOGJ,0.7484,0.8,1.0,0.5754,532,adaptive,raw,False
7,GXI50GJ,109,92,GX150CJ,0.8568,0.8,1.0,0.4043,585,original,raw,False
7,GXI50GJ,110,92,GX150CJ,0.8793,0.8,1.0,0.4043,585,gray,raw,False
7,GXI50GJ,111,92,GXI50GJ,0.8099,0.8,1.0,0.4043,585,clahe,raw,False
7,GXI50GJ,112,92,GXI50GJ,0.8214,0.8,1.0,0.4043,585,unsharp,raw,False
7,GXI50GJ,113,92,GXI5OCJ,0.8188,0.8,1.0,0.4043,585,otsu,raw,False
7,GXI50GJ,114,92,GXI50CJ,0.7603,0.8,1.0,0.4043,585,adaptive,raw,False
7,GXI50GJ,115,96,GXI50GJ,0.9148,0.8,1.0,0.5059,546,original,raw,False
7,GXI50GJ,116,96,GXI50GJ,0.9342,0.8,1.0,0.5059,546,gray,raw,False
7,GXI50GJ,117,96,GXI50GJ,0.9224,0.8,1.0,0.5059,546,clahe,raw,False
7,GXI50GJ,118,96,GXI50GJ,0.9286,0.8,1.0,0.5059,546,unsharp,raw,False
7,GXI50GJ,119,96,GXISOGJ,0.6052,0.8,1.0,0.5059,546,otsu,raw,False
7,GXI50GJ,120,96,CXISOCJI,0.6953,0.8,1.0,0.5059,546,adaptive,raw,False
7,GXI50GJ,121,100,GXI50GJ,0.8834,0.8,1.0,0.6,656,original,raw,False
7,GXI50GJ,122,100,GXI50GJ,0.8869,0.8,1.0,0.6,656,gray,raw,False
7,GXI50GJ,123,100,GXI50GJ,0.8922,0.8,1.0,0.6,656,clahe,raw,False
7,GXI50GJ,124,100,GXI50GJ,0.8952,0.8,1.0,0.6,656,unsharp,raw,False
7,GXI50GJ,125,100,GX5OGJ,0.7915,0.8,1.0,0.6,656,otsu,raw,False
7,GXI50GJ,126,100,CXI5OGJI,0.8869,0.8,1.0,0.6,656,adaptive,raw,False
7,GXI50GJ,127,104,GXI50GJ,0.897,0.8,1.0,0.6447,570,original,raw,False
7,GXI50GJ,128,104,GXI50GJ,0.8512,0.8,1.0,0.6447,570,gray,raw,False
7,GXI50GJ,129,104,GXI50GJ,0.8833,0.8,1.0,0.6447,570,clahe,raw,False
7,GXI50GJ,130,104,GXI50GJ,0.8824,0.8,1.0,0.6447,570,unsharp,raw,False
7,GXI50GJ,131,104,GXI5OCJ,0.8507,0.8,1.0,0.6447,570,otsu,raw,False
7,GXI50GJ,132,104,GXI5OCJ,0.8672,0.8,1.0,0.6447,570,adaptive,raw,False
7,GXI50GJ,133,108,GXI5OGJ,0.9079,0.8,1.0,0.503,546,original,raw,False
7,GXI50GJ,134,108,GXI5OGJ,0.8894,0.8,1.0,0.503,546,gray,raw,False
7,GXI50GJ,135,108,GXI5OGJ,0.9106,0.8,1.0,0.503,546,clahe,raw,False
7,GXI50GJ,136,108,GXI5OGJ,0.911,0.8,1.0,0.503,546,unsharp,raw,False
7,GXI50GJ,137,108,CXISOCJ,0.8691,0.8,1.0,0.503,546,otsu,raw,False
7,GXI50GJ,138,108,GXI5OGJ,0.8672,0.8,1.0,0.503,546,adaptive,raw,False
7,GXI50GJ,139,112,GXI50GJ,0.8865,0.8,1.0,0.6471,585,original,raw,False
7,GXI50GJ,140,112,GXI50GJ,0.8879,0.8,1.0,0.6471,585,gray,raw,False
7,GXI50GJ,141,112,CXI50GJ,0.803,0.8,1.0,0.6471,585,clahe,raw,False
7,GXI50GJ,142,112,CXI50GJ,0.8393,0.8,1.0,0.6471,585,unsharp,raw,False
7,GXI50GJ,143,112,CXISOCJ,0.897,0.8,1.0,0.6471,585,otsu,raw,False
7,GXI50GJ,144,112,CXI50CJ,0.898,0.8,1.0,0.6471,585,adaptive,raw,False
7,GXI50GJ,145,116,GXI50GJ,0.9052,0.8,1.0,0.5858,600,original,raw,False
7,GXI50GJ,146,116,GXI50GJ,0.9141,0.8,1.0,0.5858,600,gray,raw,False
7,GXI50GJ,147,116,GXI5OGJ,0.8832,0.8,1.0,0.5858,600,clahe,raw,False
7,GXI50GJ,148,116,GXI50GJ,0.8911,0.8,1.0,0.5858,600,unsharp,raw,False
7,GXI50GJ,149,116,CXISOGJ,0.9357,0.8,1.0,0.5858,600,otsu,raw,False
7,GXI50GJ,150,116,CXI5OCJ,0.8394,0.8,1.0,0.5858,600,adaptive,raw,False
7,GXI50GJ,151,120,GXI5OGJ,0.8556,0.8,1.0,0.4642,672,original,raw,False
7,GXI50GJ,152,120,GXI50GJ,0.8452,0.8,1.0,0.4642,672,gray,raw,False
7,GXI50GJ,153,120,GXI50GJ,0.8611,0.8,1.0,0.4642,672,clahe,raw,False
7,GXI50GJ,154,120,GXI50GJ,0.8725,0.8,1.0,0.4642,672,unsharp,raw,False
7,GXI50GJ,155,120,CXISOGJ,0.9278,0.8,1.0,0.4642,672,otsu,raw,False
7,GXI50GJ,156,120,GXI5OGJ,0.8137,0.8,1.0,0.4642,672,adaptive,raw,False
7,GXI50GJ,157,124,GXI5OGJ,0.8758,0.8,1.0,0.5704,704,original,raw,False
7,GXI50GJ,158,124,GXI50GJ,0.8697,0.8,1.0,0.5704,704,gray,raw,False
7,GXI50GJ,159,124,GXI5OGJ,0.8884,0.8,1.0,0.5704,704,clahe,raw,False
7,GXI50GJ,160,124,GXI5OGJ,0.8822,0.8,1.0,0.5704,704,unsharp,raw,False
7,GXI50GJ,161,124,GXISOCJ,0.9157,0.8,1.0,0.5704,704,otsu,raw,False
7,GXI50GJ,162,124,CXI5OCJ,0.7731,0.8,1.0,0.5704,704,adaptive,raw,False
7,GXI50GJ,163,128,GXI5OGJ,0.8691,0.8,1.0,0.5769,688,original,raw,False
7,GXI50GJ,164,128,GXI5OGJ,0.865,0.8,1.0,0.5769,688,gray,raw,False
7,GXI50GJ,165,128,GXI5OGJ,0.915,0.8,1.0,0.5769,688,clahe,raw,False
7,GXI50GJ,166,128,GXI5OGJ,0.921,0.8,1.0,0.5769,688,unsharp,raw,False
7,GXI50GJ,167,128,GXI5OCJ,0.8962,0.8,1.0,0.5769,688,otsu,raw,False
7,GXI50GJ,168,128,GXISOGJ,0.9332,0.8,1.0,0.5769,688,adaptive,raw,False
7,GXI50GJ,169,132,GXI50GJ,0.8355,0.8,1.0,0.5432,748,original,raw,False
7,GXI50GJ,170,132,GXI50GJ,0.833,0.8,1.0,0.5432,748,gray,raw,False
7,GXI50GJ,171,132,GXI5OGJ,0.873,0.8,1.0,0.5432,748,clahe,raw,False
7,GXI50GJ,172,132,GXI5OGJ,0.8838,0.8,1.0,0.5432,748,unsharp,raw,False
7,GXI50GJ,173,132,CXI5OCJ,0.7861,0.8,1.0,0.5432,748,otsu,raw,False
7,GXI50GJ,174,132,CXI5OCJ,0.8003,0.8,1.0,0.5432,748,adaptive,raw,False
7,GXI50GJ,175,136,GXI5OGJ,0.7981,0.8,1.0,0.2454,936,original,raw,False
7,GXI50GJ,176,136,GXI50CJ,0.8108,0.8,1.0,0.2454,936,gray,raw,False
7,GXI50GJ,177,136,GXI50CJ,0.7908,0.8,1.0,0.2454,936,clahe,raw,False
7,GXI50GJ,178,136,GXI50CJ,0.8199,0.8,1.0,0.2454,936,unsharp,raw,False
7,GXI50GJ,179,136,GXISOCJ,0.8126,0.8,1.0,0.2454,936,otsu,raw,False
7,GXI50GJ,180,136,CXI5OCJ,0.7962,0.8,1.0,0.2454,936,adaptive,raw,False
7,GXI50GJ,181,140,ACYIGSEL,0.528,0.8,1.0,0.2498,864,original,raw,False
7,GXI50GJ,182,140,ACUCSEL,0.4083,0.8,1.0,0.2498,864,gray,raw,False
7,GXI50GJ,183,140,ACYCSEL,0.4524,0.8,1.0,0.2498,864,clahe,raw,False
7,GXI50GJ,184,140,ICYESEL,0.4352,0.8,1.0,0.2498,864,unsharp,raw,False
7,GXI50GJ,185,140,ACLIEREL,0.421,0.8,1.0,0.2498,864,otsu,raw,False
25,BG65USJ,1,388,MESCUS,0.5421,0.8,1.0,0.54,481,original,raw,False
25,BG65USJ,2,388,MESCUS,0.4258,0.8,1.0,0.54,481,gray,raw,False
25,BG65USJ,3,388,CESC1S,0.4205,0.8,1.0,0.54,481,clahe,raw,False
25,BG65USJ,4,388,CESCIS,0.4234,0.8,1.0,0.54,481,unsharp,raw,False
25,BG65USJ,5,388,3,0.7782,0.8,1.0,0.54,481,otsu,raw,False
25,BG65USJ,6,388,PORSIR,0.4514,0.8,1.0,0.54,481,adaptive,raw,False
25,BG65USJ,7,392,BGSSUSJ,0.7685,0.8,1.0,0.6842,570,original,raw,False
25,BG65USJ,8,392,BGSSUSO,0.5878,0.8,1.0,0.6842,570,gray,raw,False
25,BG65USJ,9,392,ICSSUSO,0.5959,0.8,1.0,0.6842,570,clahe,raw,False
25,BG65USJ,10,392,ICSSUSI,0.5815,0.8,1.0,0.6842,570,unsharp,raw,False
25,BG65USJ,11,392,SUS,0.3613,0.8,1.0,0.6842,570,otsu,raw,False
25,BG65USJ,12,392,IGSSUSJ,0.6993,0.8,1.0,0.6842,570,adaptive,raw,False
25,BG65USJ,13,396,8565U5,0.4232,0.8,1.0,0.7114,555,original,raw,False
25,BG65USJ,14,396,8565U5,0.4048,0.8,1.0,0.7114,555,gray,raw,False
25,BG65USJ,15,396,BC65USJ,0.6502,0.8,1.0,0.7114,555,clahe,raw,False
25,BG65USJ,16,396,BC65USJ,0.6617,0.8,1.0,0.7114,555,unsharp,raw,False
25,BG65USJ,17,396,PE55US,0.5491,0.8,1.0,0.7114,555,otsu,raw,False
25,BG65USJ,18,396,B55USS,0.5608,0.8,1.0,0.7114,555,adaptive,raw,False
25,BG65USJ,19,400,BGSSUSI,0.8043,0.8,1.0,0.7373,576,original,raw,False
25,BG65USJ,20,400,BGSSUSI,0.7844,0.8,1.0,0.7373,576,gray,raw,False
25,BG65USJ,21,400,BGSSUSI,0.8031,0.8,1.0,0.7373,576,clahe,raw,False
25,BG65USJ,22,400,BGSSUSI,0.782,0.8,1.0,0.7373,576,unsharp,raw,False
25,BG65USJ,23,400,DCSSUS,0.769,0.8,1.0,0.7373,576,otsu,raw,False
25,BG65USJ,24,400,DGSSUS,0.7226,0.8,1.0,0.7373,576,adaptive,raw,False
25,BG65USJ,25,404,BGSSUSJ,0.872,0.8,1.0,0.7364,504,original,raw,False
25,BG65USJ,26,404,BGGSUSJ,0.8751,0.8,1.0,0.7364,504,gray,raw,False
25,BG65USJ,27,404,BCSSUSJ,0.8776,0.8,1.0,0.7364,504,clahe,raw,False
25,BG65USJ,28,404,BCSSUSJ,0.8755,0.8,1.0,0.7364,504,unsharp,raw,False
25,BG65USJ,29,404,ECSSUSJ,0.9547,0.8,1.0,0.7364,504,otsu,raw,False
25,BG65USJ,30,404,ECSSUSJ,0.952,0.8,1.0,0.7364,504,adaptive,raw,False
25,BG65USJ,31,416,DGSSUSJ,0.9106,0.8,1.0,0.7156,507,original,raw,False
25,BG65USJ,32,416,DGSSUSJ,0.891,0.8,1.0,0.7156,507,gray,raw,False
25,BG65USJ,33,416,DGSSUSJ,0.9157,0.8,1.0,0.7156,507,clahe,raw,False
25,BG65USJ,34,416,DGSSUSJ,0.9068,0.8,1.0,0.7156,507,unsharp,raw,False
25,BG65USJ,35,416,BGSSUSJ,0.872,0.8,1.0,0.7156,507,otsu,raw,False
25,BG65USJ,36,416,DGSSUSJ,0.8576,0.8,1.0,0.7156,507,adaptive,raw,False
25,BG65USJ,37,420,BG65USJ,0.9056,0.8,1.0,0.7434,600,original,raw,False
25,BG65USJ,38,420,BG65USJ,0.8971,0.8,1.0,0.7434,600,gray,raw,False
25,BG65USJ,39,420,BG65USJ,0.9588,0.8,1.0,0.7434,600,clahe,raw,False
25,BG65USJ,40,420,BG65USJ,0.956,0.8,1.0,0.7434,600,unsharp,raw,False
25,BG65USJ,41,420,BC65USJ,0.9259,0.8,1.0,0.7434,600,otsu,raw,False
25,BG65USJ,42,420,EG55USJ,0.7575,0.8,1.0,0.7434,600,adaptive,raw,False
25,BG65USJ,43,452,BGGSUSJ,0.9252,0.8,1.0,0.7493,672,original,raw,False
25,BG65USJ,44,452,BGGSUSJ,0.9204,0.8,1.0,0.7493,672,gray,raw,False
25,BG65USJ,45,452,BG65USJ,0.8728,0.8,1.0,0.7493,672,clahe,raw,False
25,BG65USJ,46,452,BG65USJ,0.9018,0.8,1.0,0.7493,672,unsharp,raw,False
25,BG65USJ,47,452,BGSSUSJ,0.847,0.8,1.0,0.7493,672,otsu,raw,False
25,BG65USJ,48,452,BG65USJ,0.9422,0.8,1.0,0.7493,672,adaptive,raw,False
25,BG65USJ,49,456,BG65USJ,0.9129,0.8,1.0,0.7401,688,original,raw,False
25,BG65USJ,50,456,BG65USJ,0.9131,0.8,1.0,0.7401,688,gray,raw,False
25,BG65USJ,51,456,BG65USJ,0.9057,0.8,1.0,0.7401,688,clahe,raw,False
25,BG65USJ,52,456,BG65USJ,0.9291,0.8,1.0,0.7401,688,unsharp,raw,False
25,BG65USJ,53,456,BG65USJ,0.9729,0.8,1.0,0.7401,688,otsu,raw,False
25,BG65USJ,54,456,BG65USJ,0.8396,0.8,1.0,0.7401,688,adaptive,raw,False
25,BG65USJ,55,464,BG6SUSJ,0.8908,0.8,1.0,0.7493,765,original,raw,False
25,BG65USJ,56,464,BG6SUSJ,0.8757,0.8,1.0,0.7493,765,gray,raw,False
25,BG65USJ,57,464,BG6SUSJ,0.8863,0.8,1.0,0.7493,765,clahe,raw,False
25,BG65USJ,58,464,BG6SUSJ,0.8964,0.8,1.0,0.7493,765,unsharp,raw,False
25,BG65USJ,59,464,BG6SUSJ,0.9193,0.8,1.0,0.7493,765,otsu,raw,False
25,BG65USJ,60,464,BG6SUSJ,0.882,0.8,1.0,0.7493,765,adaptive,raw,False
25,BG65USJ,61,468,BGGSUSJ,0.9468,0.8,1.0,0.7367,828,original,raw,False
25,BG65USJ,62,468,BGGSUSJ,0.9456,0.8,1.0,0.7367,828,gray,raw,False
25,BG65USJ,63,468,BGGSUSJ,0.9207,0.8,1.0,0.7367,828,clahe,raw,False
25,BG65USJ,64,468,BGGSUSJ,0.9205,0.8,1.0,0.7367,828,unsharp,raw,False
25,BG65USJ,65,468,BGSSUSJ,0.9259,0.8,1.0,0.7367,828,otsu,raw,False
25,BG65USJ,66,468,DGSSUSJ,0.8826,0.8,1.0,0.7367,828,adaptive,raw,False
28,FJI42HY,1,136,1,0.5068,0.8,1.0,0.2666,40,original,raw,False
28,FJI42HY,2,136,1,0.5795,0.8,1.0,0.2666,40,gray,raw,False
28,FJI42HY,3,136,1,0.3997,0.8,1.0,0.2666,40,clahe,raw,False
28,FJI42HY,4,136,1,0.2535,0.8,1.0,0.2666,40,unsharp,raw,False
28,FJI42HY,5,136,1,0.2353,0.8,1.0,0.2666,40,adaptive,raw,False
28,FJI42HY,6,140,M,0.2017,0.8,1.0,0.4529,63,original,raw,False
28,FJI42HY,7,140,M,0.4774,0.8,1.0,0.4529,63,gray,raw,False
28,FJI42HY,8,268,CBAZHY,0.7298,0.8,1.0,0.3894,748,original,raw,False
28,FJI42HY,9,268,BAZHY,0.8095,0.8,1.0,0.3894,748,gray,raw,False
28,FJI42HY,10,268,CDAZHY,0.682,0.8,1.0,0.3894,748,clahe,raw,False
28,FJI42HY,11,268,CDAZHY,0.714,0.8,1.0,0.3894,748,unsharp,raw,False
28,FJI42HY,12,268,50AZHY,0.7421,0.8,1.0,0.3894,748,otsu,raw,False
28,FJI42HY,13,268,SORZHY,0.8315,0.8,1.0,0.3894,748,adaptive,raw,False
28,FJI42HY,14,272,FB4ZHY,0.7706,0.8,1.0,0.5664,615,original,raw,False
28,FJI42HY,15,272,FBZHY,0.7517,0.8,1.0,0.5664,615,gray,raw,False
28,FJI42HY,16,272,FBZHY,0.8299,0.8,1.0,0.5664,615,clahe,raw,False
28,FJI42HY,17,272,FBZHY,0.8236,0.8,1.0,0.5664,615,unsharp,raw,False
28,FJI42HY,18,272,FILZHY,0.7301,0.8,1.0,0.5664,615,otsu,raw,False
28,FJI42HY,19,272,FRLZHY3,0.6453,0.8,1.0,0.5664,615,adaptive,raw,False
28,FJI42HY,20,276,FJI4ZHY,0.8985,0.8,1.0,0.7468,630,original,raw,False
28,FJI42HY,21,276,FJI4ZHY,0.9139,0.8,1.0,0.7468,630,gray,raw,False
28,FJI42HY,22,276,FJI4ZHY,0.9375,0.8,1.0,0.7468,630,clahe,raw,False
28,FJI42HY,23,276,FJI4ZHY,0.93,0.8,1.0,0.7468,630,unsharp,raw,False
28,FJI42HY,24,276,FA4ZHY,0.8275,0.8,1.0,0.7468,630,otsu,raw,False
28,FJI42HY,25,276,FJ14ZHY,0.8534,0.8,1.0,0.7468,630,adaptive,raw,False
28,FJI42HY,26,280,FJ14ZHY,0.9508,0.8,1.0,0.7084,640,original,raw,False
28,FJI42HY,27,280,FJ14ZHY,0.9221,0.8,1.0,0.7084,640,gray,raw,False
28,FJI42HY,28,280,FJ14ZHY,0.898,0.8,1.0,0.7084,640,clahe,raw,False
28,FJI42HY,29,280,FJ14ZHY,0.9152,0.8,1.0,0.7084,640,unsharp,raw,False
28,FJI42HY,30,280,FUZY,0.4684,0.8,1.0,0.7084,640,otsu,raw,False
28,FJI42HY,31,280,FJI42HY4,0.8201,0.8,1.0,0.7084,640,adaptive,raw,False
28,FJI42HY,32,284,FJI42HY,0.8681,0.8,1.0,0.66,782,original,raw,False
28,FJI42HY,33,284,FJI142HY,0.7975,0.8,1.0,0.66,782,gray,raw,False
28,FJI42HY,34,284,FJI42HY,0.8655,0.8,1.0,0.66,782,clahe,raw,False
28,FJI42HY,35,284,FJI42HY,0.9133,0.8,1.0,0.66,782,unsharp,raw,False
28,FJI42HY,36,284,FJI4ZHY,0.8375,0.8,1.0,0.66,782,otsu,raw,False
28,FJI42HY,37,284,FJ42HY,0.8849,0.8,1.0,0.66,782,adaptive,raw,False
28,FJI42HY,38,288,FJI4ZHY,0.8787,0.8,1.0,0.6975,765,original,raw,False
28,FJI42HY,39,288,FJI4ZHY,0.886,0.8,1.0,0.6975,765,gray,raw,False
28,FJI42HY,40,288,FJI4ZHY,0.856,0.8,1.0,0.6975,765,clahe,raw,False
28,FJI42HY,41,288,FJI4ZHY,0.8633,0.8,1.0,0.6975,765,unsharp,raw,False
28,FJI42HY,42,288,FJI42HY,0.8818,0.8,1.0,0.6975,765,otsu,raw,False
28,FJI42HY,43,288,FJI42HY,0.8805,0.8,1.0,0.6975,765,adaptive,raw,False
28,FJI42HY,44,292,FJI42HY,0.9161,0.8,1.0,0.6818,846,original,raw,False
28,FJI42HY,45,292,FJI42HY,0.9089,0.8,1.0,0.6818,846,gray,raw,False
28,FJI42HY,46,292,FJ142HY,0.9267,0.8,1.0,0.6818,846,clahe,raw,False
28,FJI42HY,47,292,FJ142HY,0.9215,0.8,1.0,0.6818,846,unsharp,raw,False
28,FJI42HY,48,292,FJ142HY,0.8527,0.8,1.0,0.6818,846,otsu,raw,False
28,FJI42HY,49,292,FJI42HY,0.8552,0.8,1.0,0.6818,846,adaptive,raw,False
28,FJI42HY,50,296,FJ14ZHY,0.8839,0.8,1.0,0.6442,864,original,raw,False
28,FJI42HY,51,296,FJ4ZHY,0.8707,0.8,1.0,0.6442,864,gray,raw,False
28,FJI42HY,52,296,FJ14ZHY,0.8767,0.8,1.0,0.6442,864,clahe,raw,False
28,FJI42HY,53,296,FJ14ZHY,0.8823,0.8,1.0,0.6442,864,unsharp,raw,False
28,FJI42HY,54,296,FJ14ZMY,0.7643,0.8,1.0,0.6442,864,otsu,raw,False
28,FJI42HY,55,296,FJ142HYA,0.8178,0.8,1.0,0.6442,864,adaptive,raw,False
28,FJI42HY,56,300,FJI4ZHY,0.9497,0.8,1.0,0.5457,672,original,raw,False
28,FJI42HY,57,300,FJI4ZHY,0.965,0.8,1.0,0.5457,672,gray,raw,False
28,FJI42HY,58,300,FJI4ZHY,0.9197,0.8,1.0,0.5457,672,clahe,raw,False
28,FJI42HY,59,300,FJI4ZHY,0.9239,0.8,1.0,0.5457,672,unsharp,raw,False
28,FJI42HY,60,300,FJ42HY,0.6433,0.8,1.0,0.5457,672,otsu,raw,False
28,FJI42HY,61,300,FJ42HYB,0.8017,0.8,1.0,0.5457,672,adaptive,raw,False
35,EY6INBG,1,252,EYBINEG,0.6891,0.8,1.0,0.6831,442,original,raw,False
35,EY6INBG,2,252,EYGINEG,0.8154,0.8,1.0,0.6831,442,gray,raw,False
35,EY6INBG,3,252,EYEINEG,0.7844,0.8,1.0,0.6831,442,clahe,raw,False
35,EY6INBG,4,252,EYEINEG,0.8178,0.8,1.0,0.6831,442,unsharp,raw,False
35,EY6INBG,5,252,FELG,0.4351,0.8,1.0,0.6831,442,otsu,raw,False
35,EY6INBG,6,252,FYCINEG,0.5721,0.8,1.0,0.6831,442,adaptive,raw,False
35,EY6INBG,7,256,EVGNAG,0.6146,0.8,1.0,0.63,442,original,raw,False
35,EY6INBG,8,256,EYGTNAG,0.6162,0.8,1.0,0.63,442,gray,raw,False
35,EY6INBG,9,256,ETTNAG,0.5356,0.8,1.0,0.63,442,clahe,raw,False
35,EY6INBG,10,256,ETTNAG,0.5592,0.8,1.0,0.63,442,unsharp,raw,False
35,EY6INBG,11,256,CTUNTG,0.7581,0.8,1.0,0.63,442,otsu,raw,False
35,EY6INBG,12,256,ETALHAD,0.5234,0.8,1.0,0.63,442,adaptive,raw,False
35,EY6INBG,13,260,EYEIMBG,0.9397,0.8,1.0,0.6991,442,original,raw,False
35,EY6INBG,14,260,EYEINBG,0.8965,0.8,1.0,0.6991,442,gray,raw,False
35,EY6INBG,15,260,EYEIMBG,0.8948,0.8,1.0,0.6991,442,clahe,raw,False
35,EY6INBG,16,260,EYEIMBG,0.8861,0.8,1.0,0.6991,442,unsharp,raw,False
35,EY6INBG,17,260,EYNAC,0.6386,0.8,1.0,0.6991,442,otsu,raw,False
35,EY6INBG,18,260,EYANEC,0.5821,0.8,1.0,0.6991,442,adaptive,raw,False
35,EY6INBG,19,264,EYGINAG,0.8218,0.8,1.0,0.7167,476,original,raw,False
35,EY6INBG,20,264,EYGINAG,0.7101,0.8,1.0,0.7167,476,gray,raw,False
35,EY6INBG,21,264,EYGINAG,0.8087,0.8,1.0,0.7167,476,clahe,raw,False
35,EY6INBG,22,264,EYGINAG,0.7619,0.8,1.0,0.7167,476,unsharp,raw,False
35,EY6INBG,23,264,EY61RAG,0.6193,0.8,1.0,0.7167,476,otsu,raw,False
35,EY6INBG,24,264,EYEIREG,0.7498,0.8,1.0,0.7167,476,adaptive,raw,False
35,EY6INBG,25,268,EYGINBG,0.792,0.8,1.0,0.6971,490,original,raw,False
35,EY6INBG,26,268,EYCINBG,0.6578,0.8,1.0,0.6971,490,gray,raw,False
35,EY6INBG,27,268,EYEINBG,0.6923,0.8,1.0,0.6971,490,clahe,raw,False
35,EY6INBG,28,268,EYELNEG,0.6408,0.8,1.0,0.6971,490,unsharp,raw,False
35,EY6INBG,29,268,FITLE,0.4422,0.8,1.0,0.6971,490,otsu,raw,False
35,EY6INBG,30,268,EIEINEG,0.4994,0.8,1.0,0.6971,490,adaptive,raw,False
35,EY6INBG,31,272,EYGINBG,0.9022,0.8,1.0,0.7095,560,original,raw,False
35,EY6INBG,32,272,EYGINBG,0.8832,0.8,1.0,0.7095,560,gray,raw,False
35,EY6INBG,33,272,EYGINBG,0.8615,0.8,1.0,0.7095,560,clahe,raw,False
35,EY6INBG,34,272,EYGINBG,0.8729,0.8,1.0,0.7095,560,unsharp,raw,False
35,EY6INBG,35,272,EYGINBG,0.7277,0.8,1.0,0.7095,560,otsu,raw,False
35,EY6INBG,36,272,EYGIKAC,0.6567,0.8,1.0,0.7095,560,adaptive,raw,False
35,EY6INBG,37,276,EY6INBG,0.7742,0.8,1.0,0.675,510,original,raw,False
35,EY6INBG,38,276,EY6INDG,0.7337,0.8,1.0,0.675,510,gray,raw,False
35,EY6INBG,39,276,EYEINDG,0.7621,0.8,1.0,0.675,510,clahe,raw,False
35,EY6INBG,40,276,EYELNDG,0.7764,0.8,1.0,0.675,510,unsharp,raw,False
35,EY6INBG,41,276,EYEINDC,0.7642,0.8,1.0,0.675,510,otsu,raw,False
35,EY6INBG,42,276,EYEINDG,0.8652,0.8,1.0,0.675,510,adaptive,raw,False
35,EY6INBG,43,280,EYGINBG,0.8894,0.8,1.0,0.7101,592,original,raw,False
35,EY6INBG,44,280,EYGINBG,0.856,0.8,1.0,0.7101,592,gray,raw,False
35,EY6INBG,45,280,EYCINBG,0.8099,0.8,1.0,0.7101,592,clahe,raw,False
35,EY6INBG,46,280,EYCINBG,0.8196,0.8,1.0,0.7101,592,unsharp,raw,False
35,EY6INBG,47,280,CTSMEG,0.7192,0.8,1.0,0.7101,592,otsu,raw,False
35,EY6INBG,48,280,EYGIKEG,0.6899,0.8,1.0,0.7101,592,adaptive,raw,False
35,EY6INBG,49,284,EYSINBG,0.8285,0.8,1.0,0.7045,555,original,raw,False
35,EY6INBG,50,284,EYSINBG,0.8082,0.8,1.0,0.7045,555,gray,raw,False
35,EY6INBG,51,284,EYSINBC,0.7372,0.8,1.0,0.7045,555,clahe,raw,False
35,EY6INBG,52,284,EYSINEC,0.7859,0.8,1.0,0.7045,555,unsharp,raw,False
35,EY6INBG,53,284,LETENEG,0.6744,0.8,1.0,0.7045,555,otsu,raw,False
35,EY6INBG,54,284,EYEIHEC,0.5837,0.8,1.0,0.7045,555,adaptive,raw,False
35,EY6INBG,55,288,EYGINBG,0.9243,0.8,1.0,0.6851,570,original,raw,False
35,EY6INBG,56,288,EYGINEG,0.916,0.8,1.0,0.6851,570,gray,raw,False
35,EY6INBG,57,288,EYGINEG,0.7662,0.8,1.0,0.6851,570,clahe,raw,False
35,EY6INBG,58,288,EYGINEG,0.8015,0.8,1.0,0.6851,570,unsharp,raw,False
35,EY6INBG,59,288,CYGINBG,0.8292,0.8,1.0,0.6851,570,otsu,raw,False
35,EY6INBG,60,288,LEYGINEG,0.8347,0.8,1.0,0.6851,570,adaptive,raw,False
35,EY6INBG,61,292,EYGINBG,0.9229,0.8,1.0,0.7279,555,original,raw,False
35,EY6INBG,62,292,EYGINBG,0.8909,0.8,1.0,0.7279,555,gray,raw,False
35,EY6INBG,63,292,EY61NBG,0.6811,0.8,1.0,0.7279,555,clahe,raw,False
35,EY6INBG,64,292,EY61NBG,0.6353,0.8,1.0,0.7279,555,unsharp,raw,False
35,EY6INBG,65,292,ETG1NEG,0.6073,0.8,1.0,0.7279,555,otsu,raw,False
35,EY6INBG,66,292,EYGINEG,0.7986,0.8,1.0,0.7279,555,adaptive,raw,False
35,EY6INBG,67,296,EYEINBG,0.823,0.8,1.0,0.6877,576,original,raw,False
35,EY6INBG,68,296,EYEINBG,0.8417,0.8,1.0,0.6877,576,gray,raw,False
35,EY6INBG,69,296,EYEING,0.8063,0.8,1.0,0.6877,576,clahe,raw,False
35,EY6INBG,70,296,EYEINEG,0.8095,0.8,1.0,0.6877,576,unsharp,raw,False
35,EY6INBG,71,296,EYEKAC,0.5757,0.8,1.0,0.6877,576,otsu,raw,False
35,EY6INBG,72,296,EYEIKAC,0.5425,0.8,1.0,0.6877,576,adaptive,raw,False
35,EY6INBG,73,300,EYGINBG,0.9629,0.8,1.0,0.7102,608,original,raw,False
35,EY6INBG,74,300,EYGINBG,0.9569,0.8,1.0,0.7102,608,gray,raw,False
35,EY6INBG,75,300,EYGINBG,0.8558,0.8,1.0,0.7102,608,clahe,raw,False
35,EY6INBG,76,300,EYGINBG,0.9046,0.8,1.0,0.7102,608,unsharp,raw,False
35,EY6INBG,77,300,EYGIKBG,0.7564,0.8,1.0,0.7102,608,otsu,raw,False
35,EY6INBG,78,300,EYGINEG,0.7884,0.8,1.0,0.7102,608,adaptive,raw,False
35,EY6INBG,79,304,EYGINBG,0.9,0.8,1.0,0.6507,738,original,raw,False
35,EY6INBG,80,304,EYGINBG,0.9138,0.8,1.0,0.6507,738,gray,raw,False
35,EY6INBG,81,304,EYGINBG,0.9227,0.8,1.0,0.6507,738,clahe,raw,False
35,EY6INBG,82,304,EYGINBG,0.8918,0.8,1.0,0.6507,738,unsharp,raw,False
35,EY6INBG,83,304,JEYGINBG,0.7921,0.8,1.0,0.6507,738,otsu,raw,False
35,EY6INBG,84,304,EYGINEC,0.8617,0.8,1.0,0.6507,738,adaptive,raw,False
35,EY6INBG,85,308,EYGINBG,0.8582,0.8,1.0,0.7191,576,original,raw,False
35,EY6INBG,86,308,EYGINBG,0.8244,0.8,1.0,0.7191,576,gray,raw,False
35,EY6INBG,87,308,EY6INBG,0.7703,0.8,1.0,0.7191,576,clahe,raw,False
35,EY6INBG,88,308,EY6INBG,0.776,0.8,1.0,0.7191,576,unsharp,raw,False
35,EY6INBG,89,308,EYSINBC,0.861,0.8,1.0,0.7191,576,otsu,raw,False
35,EY6INBG,90,308,EYGINEG,0.9643,0.8,1.0,0.7191,576,adaptive,raw,False
35,EY6INBG,91,312,EYSINBG,0.9201,0.8,1.0,0.7234,629,original,raw,False
35,EY6INBG,92,312,EYSINBG,0.926,0.8,1.0,0.7234,629,gray,raw,False
35,EY6INBG,93,312,EYSINBG,0.8768,0.8,1.0,0.7234,629,clahe,raw,False
35,EY6INBG,94,312,EYSINBC,0.8882,0.8,1.0,0.7234,629,unsharp,raw,False
35,EY6INBG,95,312,EYSINEG,0.6931,0.8,1.0,0.7234,629,otsu,raw,False
35,EY6INBG,96,312,EYSINEG,0.8726,0.8,1.0,0.7234,629,adaptive,raw,False
35,EY6INBG,97,316,EYGINOC,0.7803,0.8,1.0,0.7116,680,original,raw,False
35,EY6INBG,98,316,EY6INOC,0.7909,0.8,1.0,0.7116,680,gray,raw,False
35,EY6INBG,99,316,EYGINBC,0.7676,0.8,1.0,0.7116,680,clahe,raw,False
35,EY6INBG,100,316,EYGINBC,0.7466,0.8,1.0,0.7116,680,unsharp,raw,False
35,EY6INBG,101,316,EYGINBC,0.7954,0.8,1.0,0.7116,680,otsu,raw,False
35,EY6INBG,102,316,EYGIN8C,0.7023,0.8,1.0,0.7116,680,adaptive,raw,False
35,EY6INBG,103,320,EYGINBG,0.9599,0.8,1.0,0.7138,680,original,raw,False
35,EY6INBG,104,320,EYGINBG,0.9446,0.8,1.0,0.7138,680,gray,raw,False
35,EY6INBG,105,320,EYGINBG,0.9146,0.8,1.0,0.7138,680,clahe,raw,False
35,EY6INBG,106,320,EYGINBG,0.9212,0.8,1.0,0.7138,680,unsharp,raw,False
35,EY6INBG,107,320,EYGINBC,0.8198,0.8,1.0,0.7138,680,otsu,raw,False
35,EY6INBG,108,320,EYGIN9G,0.8598,0.8,1.0,0.7138,680,adaptive,raw,False
35,EY6INBG,109,324,EYGINBG,0.95,0.8,1.0,0.7253,697,original,raw,False
35,EY6INBG,110,324,EYGINBG,0.9405,0.8,1.0,0.7253,697,gray,raw,False
35,EY6INBG,111,324,EYGINBG,0.8932,0.8,1.0,0.7253,697,clahe,raw,False
35,EY6INBG,112,324,EYGINBG,0.8587,0.8,1.0,0.7253,697,unsharp,raw,False
35,EY6INBG,113,324,EYSINBG,0.7959,0.8,1.0,0.7253,697,otsu,raw,False
35,EY6INBG,114,324,EYGINOG,0.7326,0.8,1.0,0.7253,697,adaptive,raw,False
35,EY6INBG,115,328,EYGIN9G,0.8258,0.8,1.0,0.716,714,original,raw,False
35,EY6INBG,116,328,EYGINBG,0.8187,0.8,1.0,0.716,714,gray,raw,False
35,EY6INBG,117,328,EYGIN9G,0.9043,0.8,1.0,0.716,714,clahe,raw,False
35,EY6INBG,118,328,EYGIN9G,0.8797,0.8,1.0,0.716,714,unsharp,raw,False
35,EY6INBG,119,328,EYGINBG,0.7465,0.8,1.0,0.716,714,otsu,raw,False
35,EY6INBG,120,328,EYGINEG,0.6208,0.8,1.0,0.716,714,adaptive,raw,False
35,EY6INBG,121,332,EYGINBG,0.8548,0.8,1.0,0.7205,756,original,raw,False
35,EY6INBG,122,332,EYGIN9G,0.7926,0.8,1.0,0.7205,756,gray,raw,False
35,EY6INBG,123,332,EYGINBG,0.7916,0.8,1.0,0.7205,756,clahe,raw,False
35,EY6INBG,124,332,EYGINSG,0.7418,0.8,1.0,0.7205,756,unsharp,raw,False
35,EY6INBG,125,332,EYGINBG,0.7769,0.8,1.0,0.7205,756,otsu,raw,False
35,EY6INBG,126,332,EYG1N9G,0.653,0.8,1.0,0.7205,756,adaptive,raw,False
35,EY6INBG,127,336,EY6INBG,0.8978,0.8,1.0,0.7334,756,original,raw,False
35,EY6INBG,128,336,EY6INBG,0.8746,0.8,1.0,0.7334,756,gray,raw,False
35,EY6INBG,129,336,EY6INBG,0.9142,0.8,1.0,0.7334,756,clahe,raw,False
35,EY6INBG,130,336,EY6INBG,0.9087,0.8,1.0,0.7334,756,unsharp,raw,False
35,EY6INBG,131,336,EY6INBG,0.8799,0.8,1.0,0.7334,756,otsu,raw,False
35,EY6INBG,132,336,EYGINEG,0.9043,0.8,1.0,0.7334,756,adaptive,raw,False
35,EY6INBG,133,340,EYGINBG,0.989,0.8,1.0,0.7132,774,original,raw,False
35,EY6INBG,134,340,EYGINBG,0.9869,0.8,1.0,0.7132,774,gray,raw,False
35,EY6INBG,135,340,EYGINBG,0.9704,0.8,1.0,0.7132,774,clahe,raw,False
35,EY6INBG,136,340,EYGINBG,0.9708,0.8,1.0,0.7132,774,unsharp,raw,False
35,EY6INBG,137,340,EYGINBG,0.95,0.8,1.0,0.7132,774,otsu,raw,False
35,EY6INBG,138,340,EYGINBG,0.8915,0.8,1.0,0.7132,774,adaptive,raw,False
35,EY6INBG,139,344,EY6INBG,0.8703,0.8,1.0,0.7462,836,original,raw,False
35,EY6INBG,140,344,EY6INBG,0.8869,0.8,1.0,0.7462,836,gray,raw,False
35,EY6INBG,141,344,EY6INBG,0.9035,0.8,1.0,0.7462,836,clahe,raw,False
35,EY6INBG,142,344,EY6INBG,0.8842,0.8,1.0,0.7462,836,unsharp,raw,False
35,EY6INBG,143,344,EY6IN8G,0.8183,0.8,1.0,0.7462,836,otsu,raw,False
35,EY6INBG,144,344,EYGINBG,0.8436,0.8,1.0,0.7462,836,adaptive,raw,False
35,EY6INBG,145,348,EYGINBG,0.9884,0.8,1.0,0.6614,920,original,raw,False
35,EY6INBG,146,348,EYGINBG,0.9828,0.8,1.0,0.6614,920,gray,raw,False
35,EY6INBG,147,348,EYGINBG,0.9892,0.8,1.0,0.6614,920,clahe,raw,False
35,EY6INBG,148,348,EYGINBG,0.9881,0.8,1.0,0.6614,920,unsharp,raw,False
35,EY6INBG,149,348,EYGINBG,0.8638,0.8,1.0,0.6614,920,otsu,raw,False
35,EY6INBG,150,348,EYGIN8G,0.8626,0.8,1.0,0.6614,920,adaptive,raw,False
35,EY6INBG,151,352,EYGINBG,0.9008,0.8,1.0,0.7288,836,original,raw,False
35,EY6INBG,152,352,EYGINBG,0.9027,0.8,1.0,0.7288,836,gray,raw,False
35,EY6INBG,153,352,EYGINBG,0.9138,0.8,1.0,0.7288,836,clahe,raw,False
35,EY6INBG,154,352,EYGINBG,0.895,0.8,1.0,0.7288,836,unsharp,raw,False
35,EY6INBG,155,352,EYGINBG,0.7943,0.8,1.0,0.7288,836,otsu,raw,False
35,EY6INBG,156,352,EYGINBG,0.8824,0.8,1.0,0.7288,836,adaptive,raw,False
35,EY6INBG,157,356,EYGINBG,0.9867,0.8,1.0,0.716,602,original,raw,False
35,EY6INBG,158,356,EYGINBG,0.9798,0.8,1.0,0.716,602,gray,raw,False
35,EY6INBG,159,356,EYGINBG,0.9782,0.8,1.0,0.716,602,clahe,raw,False
35,EY6INBG,160,356,EYGINBG,0.9705,0.8,1.0,0.716,602,unsharp,raw,False
35,EY6INBG,161,356,EYGINBG,0.907,0.8,1.0,0.716,602,otsu,raw,False
35,EY6INBG,162,356,EYGINBG,0.9739,0.8,1.0,0.716,602,adaptive,raw,False
54,AV0BHVF,1,356,AVERHVF,0.7416,0.8,1.0,0.4345,456,original,raw,False
54,AV0BHVF,2,356,AVDRHVF,0.7174,0.8,1.0,0.4345,456,gray,raw,False
54,AV0BHVF,3,356,IVDOHVE,0.6088,0.8,1.0,0.4345,456,clahe,raw,False
54,AV0BHVF,4,356,LAVERHVE,0.6281,0.8,1.0,0.4345,456,unsharp,raw,False
54,AV0BHVF,5,356,IVOLHVE,0.6797,0.8,1.0,0.4345,456,otsu,raw,False
54,AV0BHVF,6,356,IVOTRT,0.5715,0.8,1.0,0.4345,456,adaptive,raw,False
54,AV0BHVF,7,360,AVORHVF,0.8965,0.8,1.0,0.5805,570,original,raw,False
54,AV0BHVF,8,360,AVORHVE,0.9122,0.8,1.0,0.5805,570,gray,raw,False
54,AV0BHVF,9,360,AVORHYE,0.8689,0.8,1.0,0.5805,570,clahe,raw,False
54,AV0BHVF,10,360,AVORHYE,0.8617,0.8,1.0,0.5805,570,unsharp,raw,False
54,AV0BHVF,11,360,AYORBYE,0.8268,0.8,1.0,0.5805,570,otsu,raw,False
54,AV0BHVF,12,360,AYORHYE,0.9294,0.8,1.0,0.5805,570,adaptive,raw,False
54,AV0BHVF,13,364,AVOBHVF,0.9334,0.8,1.0,0.5705,494,original,raw,False
54,AV0BHVF,14,364,AVOBHVF,0.9372,0.8,1.0,0.5705,494,gray,raw,False
54,AV0BHVF,15,364,AVOBHVF,0.7852,0.8,1.0,0.5705,494,clahe,raw,False
54,AV0BHVF,16,364,AVOBHVF,0.7548,0.8,1.0,0.5705,494,unsharp,raw,False
54,AV0BHVF,17,364,LVJBHYE,0.6081,0.8,1.0,0.5705,494,otsu,raw,False
54,AV0BHVF,18,364,LV0BHYF,0.766,0.8,1.0,0.5705,494,adaptive,raw,False
54,AV0BHVF,19,368,AVDBHVF,0.8477,0.8,1.0,0.5977,640,original,raw,False
54,AV0BHVF,20,368,AVDBHVF,0.8538,0.8,1.0,0.5977,640,gray,raw,False
54,AV0BHVF,21,368,AVDBHVF,0.7632,0.8,1.0,0.5977,640,clahe,raw,False
54,AV0BHVF,22,368,AVDBHVE,0.793,0.8,1.0,0.5977,640,unsharp,raw,False
54,AV0BHVF,23,368,1V8EHVF,0.5474,0.8,1.0,0.5977,640,otsu,raw,False
54,AV0BHVF,24,368,V08HVF,0.3846,0.8,1.0,0.5977,640,adaptive,raw,False
54,AV0BHVF,25,372,AVDBHVF,0.8869,0.8,1.0,0.625,570,original,raw,False
54,AV0BHVF,26,372,AVDBHVF,0.9163,0.8,1.0,0.625,570,gray,raw,False
54,AV0BHVF,27,372,AVDBHVF,0.8665,0.8,1.0,0.625,570,clahe,raw,False
54,AV0BHVF,28,372,AVDBHVF,0.8492,0.8,1.0,0.625,570,unsharp,raw,False
54,AV0BHVF,29,372,LYDGAVF,0.3683,0.8,1.0,0.625,570,otsu,raw,False
54,AV0BHVF,30,372,IVDERF,0.6256,0.8,1.0,0.625,570,adaptive,raw,False
54,AV0BHVF,31,376,AV08HVF,0.8607,0.8,1.0,0.5857,600,original,raw,False
54,AV0BHVF,32,376,AV08HVF,0.8658,0.8,1.0,0.5857,600,gray,raw,False
54,AV0BHVF,33,376,AVD9HVF,0.8933,0.8,1.0,0.5857,600,clahe,raw,False
54,AV0BHVF,34,376,AVD9HVF,0.8626,0.8,1.0,0.5857,600,unsharp,raw,False
54,AV0BHVF,35,376,AVDOHVF,0.7772,0.8,1.0,0.5857,600,otsu,raw,False
54,AV0BHVF,36,376,AVD9HVF,0.6778,0.8,1.0,0.5857,600,adaptive,raw,False
54,AV0BHVF,37,380,AVDBHVF,0.8325,0.8,1.0,0.558,560,original,raw,False
54,AV0BHVF,38,380,AVDBHVF,0.7811,0.8,1.0,0.558,560,gray,raw,False
54,AV0BHVF,39,380,AVDBHVF,0.8345,0.8,1.0,0.558,560,clahe,raw,False
54,AV0BHVF,40,380,AVDBHVF,0.8428,0.8,1.0,0.558,560,unsharp,raw,False
54,AV0BHVF,41,380,AVBHOF,0.643,0.8,1.0,0.558,560,otsu,raw,False
54,AV0BHVF,42,380,AVSROF,0.5713,0.8,1.0,0.558,560,adaptive,raw,False
54,AV0BHVF,43,384,AVO8HVF,0.8166,0.8,1.0,0.6181,656,original,raw,False
54,AV0BHVF,44,384,AVO8HVF,0.8311,0.8,1.0,0.6181,656,gray,raw,False
54,AV0BHVF,45,384,AVOBHVF,0.7603,0.8,1.0,0.6181,656,clahe,raw,False
54,AV0BHVF,46,384,AVDBHVF,0.7982,0.8,1.0,0.6181,656,unsharp,raw,False
54,AV0BHVF,47,384,LVO8HYF,0.5149,0.8,1.0,0.6181,656,otsu,raw,False
54,AV0BHVF,48,384,1VOBRVF,0.5279,0.8,1.0,0.6181,656,adaptive,raw,False
54,AV0BHVF,49,388,AV0BHVF,0.8294,0.8,1.0,0.6417,640,original,raw,False
54,AV0BHVF,50,388,AVOBHVF,0.8363,0.8,1.0,0.6417,640,gray,raw,False
54,AV0BHVF,51,388,AVOBHVF,0.8927,0.8,1.0,0.6417,640,clahe,raw,False
54,AV0BHVF,52,388,AVOBHVF,0.9026,0.8,1.0,0.6417,640,unsharp,raw,False
54,AV0BHVF,53,388,AVOBHYF,0.8374,0.8,1.0,0.6417,640,otsu,raw,False
54,AV0BHVF,54,388,LYOSHYF,0.7143,0.8,1.0,0.6417,640,adaptive,raw,False
54,AV0BHVF,55,392,AVOBHVF,0.8973,0.8,1.0,0.6545,714,original,raw,False
54,AV0BHVF,56,392,AVO8HVF,0.8969,0.8,1.0,0.6545,714,gray,raw,False
54,AV0BHVF,57,392,AVOBHVF,0.972,0.8,1.0,0.6545,714,clahe,raw,False
54,AV0BHVF,58,392,AVOBHVF,0.9328,0.8,1.0,0.6545,714,unsharp,raw,False
54,AV0BHVF,59,392,AVOBHYF,0.8609,0.8,1.0,0.6545,714,otsu,raw,False
54,AV0BHVF,60,392,AVOBHYF,0.8052,0.8,1.0,0.6545,714,adaptive,raw,False
54,AV0BHVF,61,396,AV08HVF,0.8611,0.8,1.0,0.6785,774,original,raw,False
54,AV0BHVF,62,396,AV08HVF,0.8478,0.8,1.0,0.6785,774,gray,raw,False
54,AV0BHVF,63,396,AV0BHVF,0.853,0.8,1.0,0.6785,774,clahe,raw,False
54,AV0BHVF,64,396,AVOBHVF,0.8706,0.8,1.0,0.6785,774,unsharp,raw,False
54,AV0BHVF,65,396,LVOBHVF,0.6262,0.8,1.0,0.6785,774,otsu,raw,False
54,AV0BHVF,66,396,LVO9HVF,0.5341,0.8,1.0,0.6785,774,adaptive,raw,False
54,AV0BHVF,67,400,AVOBHVF,0.9825,0.8,1.0,0.6192,756,original,raw,False
54,AV0BHVF,68,400,AVOBHVF,0.9319,0.8,1.0,0.6192,756,gray,raw,False
54,AV0BHVF,69,400,AVOBHVF,0.9283,0.8,1.0,0.6192,756,clahe,raw,False
54,AV0BHVF,70,400,AVOBHVF,0.9262,0.8,1.0,0.6192,756,unsharp,raw,False
54,AV0BHVF,71,400,AYGBHVF,0.6982,0.8,1.0,0.6192,756,otsu,raw,False
54,AV0BHVF,72,400,AVOBHVF,0.7507,0.8,1.0,0.6192,756,adaptive,raw,False
54,AV0BHVF,73,404,AVD8HVF,0.8714,0.8,1.0,0.5936,748,original,raw,False
54,AV0BHVF,74,404,AVD8HVF,0.9184,0.8,1.0,0.5936,748,gray,raw,False
54,AV0BHVF,75,404,AVOBHVF,0.8103,0.8,1.0,0.5936,748,clahe,raw,False
54,AV0BHVF,76,404,AVOBHVF,0.7878,0.8,1.0,0.5936,748,unsharp,raw,False
54,AV0BHVF,77,404,LVOHVE,0.6518,0.8,1.0,0.5936,748,otsu,raw,False
54,AV0BHVF,78,404,AVRF,0.3971,0.8,1.0,0.5936,748,adaptive,raw,False
54,AV0BHVF,79,408,AVOBHVF,0.9652,0.8,1.0,0.443,874,original,raw,False
54,AV0BHVF,80,408,AVOBHVF,0.9145,0.8,1.0,0.443,874,gray,raw,False
54,AV0BHVF,81,408,AVOBHVF,0.9374,0.8,1.0,0.443,874,clahe,raw,False
54,AV0BHVF,82,408,AVOBHVF,0.9397,0.8,1.0,0.443,874,unsharp,raw,False
54,AV0BHVF,83,408,AVO8HVF,0.7628,0.8,1.0,0.443,874,otsu,raw,False
54,AV0BHVF,84,408,AVOBRVF,0.7516,0.8,1.0,0.443,874,adaptive,raw,False
54,AV0BHVF,85,412,AVOBHVF,0.9637,0.8,1.0,0.3943,559,original,raw,False
54,AV0BHVF,86,412,AVOBHVF,0.9644,0.8,1.0,0.3943,559,gray,raw,False
54,AV0BHVF,87,412,AVOBHVF,0.8838,0.8,1.0,0.3943,559,clahe,raw,False
54,AV0BHVF,88,412,AVOBHVF,0.9076,0.8,1.0,0.3943,559,unsharp,raw,False
54,AV0BHVF,89,412,AV8VF,0.5328,0.8,1.0,0.3943,559,otsu,raw,False
54,AV0BHVF,90,412,AVORHVE,0.8738,0.8,1.0,0.3943,559,adaptive,raw,False
64,GJ06EPD,1,644,0,0.4559,0.8,1.0,0.5437,264,original,raw,False
64,GJ06EPD,2,644,0,0.4481,0.8,1.0,0.5437,264,gray,raw,False
64,GJ06EPD,3,644,0,0.2273,0.8,1.0,0.5437,264,clahe,raw,False
64,GJ06EPD,4,644,J0413,0.4121,0.8,1.0,0.5437,264,unsharp,raw,False
64,GJ06EPD,5,644,2,0.1077,0.8,1.0,0.5437,264,otsu,raw,False
64,GJ06EPD,6,644,XIN,0.4135,0.8,1.0,0.5437,264,adaptive,raw,False
64,GJ06EPD,7,652,CANCPS,0.521,0.8,1.0,0.42,377,original,raw,False
64,GJ06EPD,8,652,CATCP,0.2976,0.8,1.0,0.42,377,gray,raw,False
64,GJ06EPD,9,652,GXEPS,0.2202,0.8,1.0,0.42,377,clahe,raw,False
64,GJ06EPD,10,652,0XEPA,0.1934,0.8,1.0,0.42,377,unsharp,raw,False
64,GJ06EPD,11,652,GEIN,0.6173,0.8,1.0,0.42,377,otsu,raw,False
64,GJ06EPD,12,652,CITS,0.4316,0.8,1.0,0.42,377,adaptive,raw,False
64,GJ06EPD,13,656,1ONFEP2,0.4628,0.8,1.0,0.4693,360,original,raw,False
64,GJ06EPD,14,656,10RF1P2,0.5027,0.8,1.0,0.4693,360,gray,raw,False
64,GJ06EPD,15,656,003122,0.6817,0.8,1.0,0.4693,360,clahe,raw,False
64,GJ06EPD,16,656,00312,0.7355,0.8,1.0,0.4693,360,unsharp,raw,False
64,GJ06EPD,17,656,0C113,0.4547,0.8,1.0,0.4693,360,otsu,raw,False
64,GJ06EPD,18,656,OM3,0.3629,0.8,1.0,0.4693,360,adaptive,raw,False
64,GJ06EPD,19,664,CAK1PO,0.3417,0.8,1.0,0.4899,330,original,raw,False
64,GJ06EPD,20,664,CRX1PO,0.3097,0.8,1.0,0.4899,330,gray,raw,False
64,GJ06EPD,21,664,CX100,0.5061,0.8,1.0,0.4899,330,clahe,raw,False
64,GJ06EPD,22,664,C100,0.5699,0.8,1.0,0.4899,330,unsharp,raw,False
64,GJ06EPD,23,664,TUD,0.5308,0.8,1.0,0.4899,330,otsu,raw,False
64,GJ06EPD,24,664,GRLUP,0.4254,0.8,1.0,0.4899,330,adaptive,raw,False
64,GJ06EPD,25,672,CJ05EFU,0.5746,0.8,1.0,0.622,300,original,raw,False
64,GJ06EPD,26,672,C3055FU,0.4786,0.8,1.0,0.622,300,gray,raw,False
64,GJ06EPD,27,672,G051553,0.4908,0.8,1.0,0.622,300,clahe,raw,False
64,GJ06EPD,28,672,G205553,0.4855,0.8,1.0,0.622,300,unsharp,raw,False
64,GJ06EPD,29,672,CSUA,0.4512,0.8,1.0,0.622,300,otsu,raw,False
64,GJ06EPD,30,672,GE,0.4509,0.8,1.0,0.622,300,adaptive,raw,False
64,GJ06EPD,31,676,GJDB170,0.5369,0.8,1.0,0.5558,372,original,raw,False
64,GJ06EPD,32,676,GJ08170,0.5668,0.8,1.0,0.5558,372,gray,raw,False
64,GJ06EPD,33,676,GJOS17O,0.4979,0.8,1.0,0.5558,372,clahe,raw,False
64,GJ06EPD,34,676,GJOS17O,0.5555,0.8,1.0,0.5558,372,unsharp,raw,False
64,GJ06EPD,35,676,C10,0.7855,0.8,1.0,0.5558,372,otsu,raw,False
64,GJ06EPD,36,676,CAXTO,0.3339,0.8,1.0,0.5558,372,adaptive,raw,False
64,GJ06EPD,37,680,GJOGEPD,0.631,0.8,1.0,0.6039,330,original,raw,False
64,GJ06EPD,38,680,COGEPD,0.5247,0.8,1.0,0.6039,330,gray,raw,False
64,GJ06EPD,39,680,GJOSEPD,0.6626,0.8,1.0,0.6039,330,clahe,raw,False
64,GJ06EPD,40,680,GJOSEPD,0.6172,0.8,1.0,0.6039,330,unsharp,raw,False
64,GJ06EPD,41,680,CO31D,0.6293,0.8,1.0,0.6039,330,otsu,raw,False
64,GJ06EPD,42,680,COTUN,0.5168,0.8,1.0,0.6039,330,adaptive,raw,False
64,GJ06EPD,43,684,OOREPO,0.399,0.8,1.0,0.6417,384,original,raw,False
64,GJ06EPD,44,684,0OREP0,0.3158,0.8,1.0,0.6417,384,gray,raw,False
64,GJ06EPD,45,684,CJOGEPO,0.8233,0.8,1.0,0.6417,384,clahe,raw,False
64,GJ06EPD,46,684,CJOSEPO,0.7173,0.8,1.0,0.6417,384,unsharp,raw,False
64,GJ06EPD,47,684,LO17,0.6254,0.8,1.0,0.6417,384,otsu,raw,False
64,GJ06EPD,48,684,LROERO,0.5541,0.8,1.0,0.6417,384,adaptive,raw,False
64,GJ06EPD,49,688,GI0SEPE,0.4274,0.8,1.0,0.4212,360,original,raw,False
64,GJ06EPD,50,688,CIOEERE,0.5763,0.8,1.0,0.4212,360,gray,raw,False
64,GJ06EPD,51,688,GJOSEPE,0.6227,0.8,1.0,0.4212,360,clahe,raw,False
64,GJ06EPD,52,688,GSLR,0.5937,0.8,1.0,0.4212,360,unsharp,raw,False
64,GJ06EPD,53,688,CKKU1,0.3714,0.8,1.0,0.4212,360,otsu,raw,False
64,GJ06EPD,54,688,COL,0.5806,0.8,1.0,0.4212,360,adaptive,raw,False
64,GJ06EPD,55,692,60001P0,0.3021,0.8,1.0,0.4836,396,original,raw,False
64,GJ06EPD,56,692,6301PT,0.4113,0.8,1.0,0.4836,396,gray,raw,False
64,GJ06EPD,57,692,6381P7,0.4654,0.8,1.0,0.4836,396,clahe,raw,False
64,GJ06EPD,58,692,6381P7,0.3925,0.8,1.0,0.4836,396,unsharp,raw,False
64,GJ06EPD,59,692,L,0.3282,0.8,1.0,0.4836,396,otsu,raw,False
64,GJ06EPD,60,692,CID3,0.5186,0.8,1.0,0.4836,396,adaptive,raw,False
64,GJ06EPD,61,696,CJBENE,0.5562,0.8,1.0,0.6339,341,original,raw,False
64,GJ06EPD,62,696,GUNSENE,0.4368,0.8,1.0,0.6339,341,gray,raw,False
64,GJ06EPD,63,696,CJSENC,0.542,0.8,1.0,0.6339,341,clahe,raw,False
64,GJ06EPD,64,696,GJUSENC,0.4952,0.8,1.0,0.6339,341,unsharp,raw,False
64,GJ06EPD,65,696,GET,0.646,0.8,1.0,0.6339,341,otsu,raw,False
64,GJ06EPD,66,696,CAST,0.5663,0.8,1.0,0.6339,341,adaptive,raw,False
64,GJ06EPD,67,700,COSENT,0.7289,0.8,1.0,0.5504,352,original,raw,False
64,GJ06EPD,68,700,CISSERT,0.5838,0.8,1.0,0.5504,352,gray,raw,False
64,GJ06EPD,69,700,CSSEPE,0.3855,0.8,1.0,0.5504,352,clahe,raw,False
64,GJ06EPD,70,700,C85LPE,0.3525,0.8,1.0,0.5504,352,unsharp,raw,False
64,GJ06EPD,71,700,CEIT,0.5943,0.8,1.0,0.5504,352,otsu,raw,False
64,GJ06EPD,72,700,CNINE,0.501,0.8,1.0,0.5504,352,adaptive,raw,False
64,GJ06EPD,73,704,GJ0BEPI,0.693,0.8,1.0,0.6218,372,original,raw,False
64,GJ06EPD,74,704,GJ0BEPE,0.7078,0.8,1.0,0.6218,372,gray,raw,False
64,GJ06EPD,75,704,GA06EPI,0.649,0.8,1.0,0.6218,372,clahe,raw,False
64,GJ06EPD,76,704,GJ0BEPI,0.6609,0.8,1.0,0.6218,372,unsharp,raw,False
64,GJ06EPD,77,704,CAGEJB,0.7091,0.8,1.0,0.6218,372,otsu,raw,False
64,GJ06EPD,78,704,COGEP,0.6028,0.8,1.0,0.6218,372,adaptive,raw,False
64,GJ06EPD,79,708,GJOBEPD,0.8681,0.8,1.0,0.7148,330,original,raw,False
64,GJ06EPD,80,708,GJ0BEPD,0.8591,0.8,1.0,0.7148,330,gray,raw,False
64,GJ06EPD,81,708,GJOBEPD,0.7917,0.8,1.0,0.7148,330,clahe,raw,False
64,GJ06EPD,82,708,GJOBEPD,0.7916,0.8,1.0,0.7148,330,unsharp,raw,False
64,GJ06EPD,83,708,CAE0D,0.6604,0.8,1.0,0.7148,330,otsu,raw,False
64,GJ06EPD,84,708,CRCEED,0.5641,0.8,1.0,0.7148,330,adaptive,raw,False
64,GJ06EPD,85,712,GJOEEPD,0.9272,0.8,1.0,0.7067,330,original,raw,False
64,GJ06EPD,86,712,GJOEEPD,0.9016,0.8,1.0,0.7067,330,gray,raw,False
64,GJ06EPD,87,712,GJOEEPD,0.8982,0.8,1.0,0.7067,330,clahe,raw,False
64,GJ06EPD,88,712,GJOEEPD,0.8974,0.8,1.0,0.7067,330,unsharp,raw,False
64,GJ06EPD,89,712,COSO,0.3767,0.8,1.0,0.7067,330,otsu,raw,False
64,GJ06EPD,90,712,CHEERD,0.5379,0.8,1.0,0.7067,330,adaptive,raw,False
64,GJ06EPD,91,716,A0EEPD,0.6965,0.8,1.0,0.6967,308,original,raw,False
64,GJ06EPD,92,716,J05EPD,0.7018,0.8,1.0,0.6967,308,gray,raw,False
64,GJ06EPD,93,716,705EPO,0.6744,0.8,1.0,0.6967,308,clahe,raw,False
64,GJ06EPD,94,716,705EPO,0.614,0.8,1.0,0.6967,308,unsharp,raw,False
64,GJ06EPD,95,716,105EPO,0.7602,0.8,1.0,0.6967,308,otsu,raw,False
64,GJ06EPD,96,716,105EPO,0.7163,0.8,1.0,0.6967,308,adaptive,raw,False
64,GJ06EPD,97,720,G385EPU,0.6636,0.8,1.0,0.6092,442,original,raw,False
64,GJ06EPD,98,720,C3C6EPU,0.6948,0.8,1.0,0.6092,442,gray,raw,False
64,GJ06EPD,99,720,G3C5EPB,0.666,0.8,1.0,0.6092,442,clahe,raw,False
64,GJ06EPD,100,720,G3C5EPB,0.6614,0.8,1.0,0.6092,442,unsharp,raw,False
64,GJ06EPD,101,720,GTEEO,0.5835,0.8,1.0,0.6092,442,otsu,raw,False
64,GJ06EPD,102,720,G556PO,0.4594,0.8,1.0,0.6092,442,adaptive,raw,False
64,GJ06EPD,103,724,GJVEEPD,0.8059,0.8,1.0,0.6802,352,original,raw,False
64,GJ06EPD,104,724,GJVEEPD,0.8234,0.8,1.0,0.6802,352,gray,raw,False
64,GJ06EPD,105,724,GJSEFD,0.8683,0.8,1.0,0.6802,352,clahe,raw,False
64,GJ06EPD,106,724,GJEEFD,0.8912,0.8,1.0,0.6802,352,unsharp,raw,False
64,GJ06EPD,107,724,CED,0.6212,0.8,1.0,0.6802,352,otsu,raw,False
64,GJ06EPD,108,724,CASEFR,0.6801,0.8,1.0,0.6802,352,adaptive,raw,False
64,GJ06EPD,109,728,GJOEEPD,0.8573,0.8,1.0,0.7225,384,original,raw,False
64,GJ06EPD,110,728,GJOSEPD,0.8256,0.8,1.0,0.7225,384,gray,raw,False
64,GJ06EPD,111,728,GJOSEPD,0.795,0.8,1.0,0.7225,384,clahe,raw,False
64,GJ06EPD,112,728,GJOSEPD,0.8045,0.8,1.0,0.7225,384,unsharp,raw,False
64,GJ06EPD,113,728,CSOSEFD,0.7954,0.8,1.0,0.7225,384,otsu,raw,False
64,GJ06EPD,114,728,GXOSEFD,0.8686,0.8,1.0,0.7225,384,adaptive,raw,False
64,GJ06EPD,115,732,GJD6FPO,0.8363,0.8,1.0,0.7116,310,original,raw,False
64,GJ06EPD,116,732,GJD6FPO,0.8029,0.8,1.0,0.7116,310,gray,raw,False
64,GJ06EPD,117,732,GJD6FPG,0.7212,0.8,1.0,0.7116,310,clahe,raw,False
64,GJ06EPD,118,732,GJD6FPG,0.7357,0.8,1.0,0.7116,310,unsharp,raw,False
64,GJ06EPD,119,732,GJD6,0.7861,0.8,1.0,0.7116,310,otsu,raw,False
64,GJ06EPD,120,732,GJC6EMG,0.7702,0.8,1.0,0.7116,310,adaptive,raw,False
64,GJ06EPD,121,736,GJ06EPI,0.891,0.8,1.0,0.7058,341,original,raw,False
64,GJ06EPD,122,736,GJ06EPT,0.814,0.8,1.0,0.7058,341,gray,raw,False
64,GJ06EPD,123,736,GJDEEPT,0.8904,0.8,1.0,0.7058,341,clahe,raw,False
64,GJ06EPD,124,736,GJDEEPT,0.8541,0.8,1.0,0.7058,341,unsharp,raw,False
64,GJ06EPD,125,736,GJOEEFT,0.9153,0.8,1.0,0.7058,341,otsu,raw,False
64,GJ06EPD,126,736,GJOEEFI,0.8611,0.8,1.0,0.7058,341,adaptive,raw,False
64,GJ06EPD,127,740,GJD6EPD,0.9089,0.8,1.0,0.7075,352,original,raw,False
64,GJ06EPD,128,740,GJD6EPD,0.9082,0.8,1.0,0.7075,352,gray,raw,False
64,GJ06EPD,129,740,GJD6EPD,0.8458,0.8,1.0,0.7075,352,clahe,raw,False
64,GJ06EPD,130,740,GJD6EPD,0.8323,0.8,1.0,0.7075,352,unsharp,raw,False
64,GJ06EPD,131,740,GJOEEPD,0.8429,0.8,1.0,0.7075,352,otsu,raw,False
64,GJ06EPD,132,740,GJ05EPD,0.8249,0.8,1.0,0.7075,352,adaptive,raw,False
64,GJ06EPD,133,744,GJ06EPD,0.8365,0.8,1.0,0.7389,352,original,raw,False
64,GJ06EPD,134,744,GJDEEPD,0.8448,0.8,1.0,0.7389,352,gray,raw,False
64,GJ06EPD,135,744,GJOEEPD,0.8339,0.8,1.0,0.7389,352,clahe,raw,False
64,GJ06EPD,136,744,GJOEEFD,0.8391,0.8,1.0,0.7389,352,unsharp,raw,False
64,GJ06EPD,137,744,CJOEEPD,0.9132,0.8,1.0,0.7389,352,otsu,raw,False
64,GJ06EPD,138,744,CJO6EFD,0.8068,0.8,1.0,0.7389,352,adaptive,raw,False
64,GJ06EPD,139,748,GJOGEPD,0.9223,0.8,1.0,0.7414,396,original,raw,False
64,GJ06EPD,140,748,GJOGEPD,0.8694,0.8,1.0,0.7414,396,gray,raw,False
64,GJ06EPD,141,748,GJOGEPD,0.9398,0.8,1.0,0.7414,396,clahe,raw,False
64,GJ06EPD,142,748,GJOGEPD,0.9367,0.8,1.0,0.7414,396,unsharp,raw,False
64,GJ06EPD,143,748,CJOGEPD,0.9234,0.8,1.0,0.7414,396,otsu,raw,False
64,GJ06EPD,144,748,CJOGEPD,0.9284,0.8,1.0,0.7414,396,adaptive,raw,False
64,GJ06EPD,145,752,GJ06EPD,0.8831,0.8,1.0,0.7295,363,original,raw,False
64,GJ06EPD,146,752,GJ06EPD,0.8516,0.8,1.0,0.7295,363,gray,raw,False
64,GJ06EPD,147,752,GJ06EPD,0.8629,0.8,1.0,0.7295,363,clahe,raw,False
64,GJ06EPD,148,752,GJ06EPD,0.9283,0.8,1.0,0.7295,363,unsharp,raw,False
64,GJ06EPD,149,752,CJ06EPP,0.7388,0.8,1.0,0.7295,363,otsu,raw,False
64,GJ06EPD,150,752,GROSEPD,0.6966,0.8,1.0,0.7295,363,adaptive,raw,False
64,GJ06EPD,151,756,GJ06EPD,0.8636,0.8,1.0,0.7249,408,original,raw,False
64,GJ06EPD,152,756,GJ06EPD,0.7924,0.8,1.0,0.7249,408,gray,raw,False
64,GJ06EPD,153,756,GJOGEPD,0.8557,0.8,1.0,0.7249,408,clahe,raw,False
64,GJ06EPD,154,756,GJOGEPD,0.9033,0.8,1.0,0.7249,408,unsharp,raw,False
64,GJ06EPD,155,756,CJOGEPC,0.8974,0.8,1.0,0.7249,408,otsu,raw,False
64,GJ06EPD,156,756,GJOSEPC,0.8609,0.8,1.0,0.7249,408,adaptive,raw,False
64,GJ06EPD,157,760,GJ06EPE,0.8066,0.8,1.0,0.732,408,original,raw,False
64,GJ06EPD,158,760,GJ06EPE,0.7776,0.8,1.0,0.732,408,gray,raw,False
64,GJ06EPD,159,760,GJO6EPE,0.8001,0.8,1.0,0.732,408,clahe,raw,False
64,GJ06EPD,160,760,GJO6EPE,0.7607,0.8,1.0,0.732,408,unsharp,raw,False
64,GJ06EPD,161,760,G536EPL,0.6876,0.8,1.0,0.732,408,otsu,raw,False
64,GJ06EPD,162,760,GJO6EPE,0.6199,0.8,1.0,0.732,408,adaptive,raw,False
64,GJ06EPD,163,764,GJ06EPD,0.682,0.8,1.0,0.6732,432,original,raw,False
64,GJ06EPD,164,764,GJ06EPD,0.7626,0.8,1.0,0.6732,432,gray,raw,False
64,GJ06EPD,165,764,GJOEEPD,0.6671,0.8,1.0,0.6732,432,clahe,raw,False
64,GJ06EPD,166,764,GAOEEPD,0.6245,0.8,1.0,0.6732,432,unsharp,raw,False
64,GJ06EPD,167,764,CX06EFB,0.6653,0.8,1.0,0.6732,432,otsu,raw,False
64,GJ06EPD,168,764,CXOSEPD,0.6023,0.8,1.0,0.6732,432,adaptive,raw,False
64,GJ06EPD,169,768,GJOBEPD,0.9735,0.8,1.0,0.7108,408,original,raw,False
64,GJ06EPD,170,768,GJOBEPD,0.9787,0.8,1.0,0.7108,408,gray,raw,False
64,GJ06EPD,171,768,GJOBEPD,0.9879,0.8,1.0,0.7108,408,clahe,raw,False
64,GJ06EPD,172,768,GJOBEPD,0.9879,0.8,1.0,0.7108,408,unsharp,raw,False
64,GJ06EPD,173,768,GJOBEPA,0.7393,0.8,1.0,0.7108,408,otsu,raw,False
64,GJ06EPD,174,768,GJOBEPD,0.8744,0.8,1.0,0.7108,408,adaptive,raw,False
64,GJ06EPD,175,772,GJIGSEAD,0.8286,0.8,1.0,0.7435,385,original,raw,False
64,GJ06EPD,176,772,GJIGSERD,0.8399,0.8,1.0,0.7435,385,gray,raw,False
64,GJ06EPD,177,772,GJCSERD,0.8424,0.8,1.0,0.7435,385,clahe,raw,False
64,GJ06EPD,178,772,GJCSERD,0.8352,0.8,1.0,0.7435,385,unsharp,raw,False
64,GJ06EPD,179,772,GJCSEPD,0.9,0.8,1.0,0.7435,385,otsu,raw,False
64,GJ06EPD,180,772,GJCSEPD,0.9519,0.8,1.0,0.7435,385,adaptive,raw,False
64,GJ06EPD,181,776,GJ06EPD,0.9242,0.8,1.0,0.7315,420,original,raw,False
64,GJ06EPD,182,776,GJ06EPD,0.8813,0.8,1.0,0.7315,420,gray,raw,False
64,GJ06EPD,183,776,GJ06EPD,0.9036,0.8,1.0,0.7315,420,clahe,raw,False
64,GJ06EPD,184,776,G306EPD,0.899,0.8,1.0,0.7315,420,unsharp,raw,False
64,GJ06EPD,185,776,GJ06EPD,0.8923,0.8,1.0,0.7315,420,otsu,raw,False
64,GJ06EPD,186,776,GJ06EFD,0.8991,0.8,1.0,0.7315,420,adaptive,raw,False
64,GJ06EPD,187,780,GJ06EPD,0.8001,0.8,1.0,0.7162,455,original,raw,False
64,GJ06EPD,188,780,GJ06EPD,0.8369,0.8,1.0,0.7162,455,gray,raw,False
64,GJ06EPD,189,780,GJ0GEPD,0.8257,0.8,1.0,0.7162,455,clahe,raw,False
64,GJ06EPD,190,780,GJ0GEPD,0.8006,0.8,1.0,0.7162,455,unsharp,raw,False
64,GJ06EPD,191,780,GJOGEPD,0.7798,0.8,1.0,0.7162,455,otsu,raw,False
64,GJ06EPD,192,780,GJOSEPD,0.9076,0.8,1.0,0.7162,455,adaptive,raw,False
64,GJ06EPD,193,784,GJ06EPD,0.919,0.8,1.0,0.7346,468,original,raw,False
64,GJ06EPD,194,784,GJ06EPD,0.9304,0.8,1.0,0.7346,468,gray,raw,False
64,GJ06EPD,195,784,GJOEEPD,0.8953,0.8,1.0,0.7346,468,clahe,raw,False
64,GJ06EPD,196,784,GJOEEPD,0.8981,0.8,1.0,0.7346,468,unsharp,raw,False
64,GJ06EPD,197,784,GJOEEPO,0.8677,0.8,1.0,0.7346,468,otsu,raw,False
64,GJ06EPD,198,784,GJO5EPD,0.9512,0.8,1.0,0.7346,468,adaptive,raw,False
64,GJ06EPD,199,788,GJOSEPD,0.9899,0.8,1.0,0.7328,444,original,raw,False
64,GJ06EPD,200,788,GJOSEPD,0.9375,0.8,1.0,0.7328,444,gray,raw,False
64,GJ06EPD,201,788,GJOSEPD,0.9348,0.8,1.0,0.7328,444,clahe,raw,False
64,GJ06EPD,202,788,GJOSEPD,0.9938,0.8,1.0,0.7328,444,unsharp,raw,False
64,GJ06EPD,203,788,GJOSEPC,0.9005,0.8,1.0,0.7328,444,otsu,raw,False
64,GJ06EPD,204,788,GJOSEPC,0.9678,0.8,1.0,0.7328,444,adaptive,raw,False
64,GJ06EPD,205,792,GJO6EPD,0.9067,0.8,1.0,0.7196,444,original,raw,False
64,GJ06EPD,206,792,GJO6EPD,0.9051,0.8,1.0,0.7196,444,gray,raw,False
64,GJ06EPD,207,792,GJOEEPD,0.8646,0.8,1.0,0.7196,444,clahe,raw,False
64,GJ06EPD,208,792,GJOSEPD,0.8753,0.8,1.0,0.7196,444,unsharp,raw,False
64,GJ06EPD,209,792,GNOSEFO,0.83,0.8,1.0,0.7196,444,otsu,raw,False
64,GJ06EPD,210,792,GJOSEFD,0.9062,0.8,1.0,0.7196,444,adaptive,raw,False
64,GJ06EPD,211,796,GJOGEPD,0.8605,0.8,1.0,0.7235,468,original,raw,False
64,GJ06EPD,212,796,GJOGEPD,0.86,0.8,1.0,0.7235,468,gray,raw,False
64,GJ06EPD,213,796,GJOGEPD,0.8918,0.8,1.0,0.7235,468,clahe,raw,False
64,GJ06EPD,214,796,GJOGEPD,0.9398,0.8,1.0,0.7235,468,unsharp,raw,False
64,GJ06EPD,215,796,GJO6EPD,0.894,0.8,1.0,0.7235,468,otsu,raw,False
64,GJ06EPD,216,796,GJ05EPD,0.8394,0.8,1.0,0.7235,468,adaptive,raw,False
64,GJ06EPD,217,800,GJ06EPD,0.9383,0.8,1.0,0.7387,494,original,raw,False
64,GJ06EPD,218,800,GJ06EPD,0.9623,0.8,1.0,0.7387,494,gray,raw,False
64,GJ06EPD,219,800,GJ06EPD,0.8752,0.8,1.0,0.7387,494,clahe,raw,False
64,GJ06EPD,220,800,GJ06EPD,0.9239,0.8,1.0,0.7387,494,unsharp,raw,False
64,GJ06EPD,221,800,GJC6EPO,0.8258,0.8,1.0,0.7387,494,otsu,raw,False
64,GJ06EPD,222,800,GJOSEPU,0.8474,0.8,1.0,0.7387,494,adaptive,raw,False
64,GJ06EPD,223,804,GJOSEPD,0.9101,0.8,1.0,0.7435,494,original,raw,False
64,GJ06EPD,224,804,GJOSEPD,0.8974,0.8,1.0,0.7435,494,gray,raw,False
64,GJ06EPD,225,804,GJOSEPD,0.8786,0.8,1.0,0.7435,494,clahe,raw,False
64,GJ06EPD,226,804,GJOSEPD,0.9272,0.8,1.0,0.7435,494,unsharp,raw,False
64,GJ06EPD,227,804,GJOGEPO,0.8535,0.8,1.0,0.7435,494,otsu,raw,False
64,GJ06EPD,228,804,GJOSEPU,0.9015,0.8,1.0,0.7435,494,adaptive,raw,False
64,GJ06EPD,229,808,CJOSEPD,0.9346,0.8,1.0,0.684,456,original,raw,False
64,GJ06EPD,230,808,CJOSEPD,0.8698,0.8,1.0,0.684,456,gray,raw,False
64,GJ06EPD,231,808,GJOSEPD,0.9293,0.8,1.0,0.684,456,clahe,raw,False
64,GJ06EPD,232,808,GJOSEPD,0.9136,0.8,1.0,0.684,456,unsharp,raw,False
64,GJ06EPD,233,808,GJOSEPD,0.953,0.8,1.0,0.684,456,otsu,raw,False
64,GJ06EPD,234,808,GJOSEPD,0.9554,0.8,1.0,0.684,456,adaptive,raw,False
64,GJ06EPD,235,812,GJOSEPD,0.9273,0.8,1.0,0.7371,456,original,raw,False
64,GJ06EPD,236,812,GJOSEPD,0.8781,0.8,1.0,0.7371,456,gray,raw,False
64,GJ06EPD,237,812,GJOSEPD,0.9749,0.8,1.0,0.7371,456,clahe,raw,False
64,GJ06EPD,238,812,GJOSEPD,0.9702,0.8,1.0,0.7371,456,unsharp,raw,False
64,GJ06EPD,239,812,GJOSEPO,0.917,0.8,1.0,0.7371,456,otsu,raw,False
64,GJ06EPD,240,812,GJOSEPD,0.9554,0.8,1.0,0.7371,456,adaptive,raw,False
64,GJ06EPD,241,816,GJOGEPD,0.8777,0.8,1.0,0.7287,507,original,raw,False
64,GJ06EPD,242,816,GJOGEPD,0.8362,0.8,1.0,0.7287,507,gray,raw,False
64,GJ06EPD,243,816,GJOGEPD,0.8365,0.8,1.0,0.7287,507,clahe,raw,False
64,GJ06EPD,244,816,GJOGEPD,0.8625,0.8,1.0,0.7287,507,unsharp,raw,False
64,GJ06EPD,245,816,CJOGEPD,0.8671,0.8,1.0,0.7287,507,otsu,raw,False
64,GJ06EPD,246,816,GJOSEPD,0.945,0.8,1.0,0.7287,507,adaptive,raw,False
64,GJ06EPD,247,820,GJ06EPD,0.9,0.8,1.0,0.7362,615,original,raw,False
64,GJ06EPD,248,820,GJ06EPD,0.9191,0.8,1.0,0.7362,615,gray,raw,False
64,GJ06EPD,249,820,GJO6EPD,0.872,0.8,1.0,0.7362,615,clahe,raw,False
64,GJ06EPD,250,820,GJ06EPD,0.8837,0.8,1.0,0.7362,615,unsharp,raw,False
64,GJ06EPD,251,820,GJUSEPO,0.8825,0.8,1.0,0.7362,615,otsu,raw,False
64,GJ06EPD,252,820,GJOSEPD,0.8706,0.8,1.0,0.7362,615,adaptive,raw,False
64,GJ06EPD,253,824,GJOGEPD,0.9784,0.8,1.0,0.7304,600,original,raw,False
64,GJ06EPD,254,824,GJOGEPD,0.9079,0.8,1.0,0.7304,600,gray,raw,False
64,GJ06EPD,255,824,GJOGEPD,0.913,0.8,1.0,0.7304,600,clahe,raw,False
64,GJ06EPD,256,824,GJOGEPD,0.9738,0.8,1.0,0.7304,600,unsharp,raw,False
64,GJ06EPD,257,824,GJOSEPD,0.903,0.8,1.0,0.7304,600,otsu,raw,False
64,GJ06EPD,258,824,GJOGEPO,0.8638,0.8,1.0,0.7304,600,adaptive,raw,False
64,GJ06EPD,259,828,GJ06EPD,0.9167,0.8,1.0,0.7358,615,original,raw,False
64,GJ06EPD,260,828,GJ06EPD,0.9263,0.8,1.0,0.7358,615,gray,raw,False
64,GJ06EPD,261,828,GJO5EPD,0.8411,0.8,1.0,0.7358,615,clahe,raw,False
64,GJ06EPD,262,828,GJ05EPD,0.8585,0.8,1.0,0.7358,615,unsharp,raw,False
64,GJ06EPD,263,828,GJOSEPD,0.9504,0.8,1.0,0.7358,615,otsu,raw,False
64,GJ06EPD,264,828,GJOSEPD,0.9682,0.8,1.0,0.7358,615,adaptive,raw,False
64,GJ06EPD,265,832,GJ06EPD,0.9713,0.8,1.0,0.668,588,original,raw,False
64,GJ06EPD,266,832,GJ06EPD,0.9744,0.8,1.0,0.668,588,gray,raw,False
64,GJ06EPD,267,832,GJ06EPD,0.9581,0.8,1.0,0.668,588,clahe,raw,False
64,GJ06EPD,268,832,GJ06EPD,0.9706,0.8,1.0,0.668,588,unsharp,raw,False
64,GJ06EPD,269,832,GJ06EPD,0.867,0.8,1.0,0.668,588,otsu,raw,False
64,GJ06EPD,270,832,GJ06EPD,0.8724,0.8,1.0,0.668,588,adaptive,raw,False
64,GJ06EPD,271,836,GJO6EPD,0.9392,0.8,1.0,0.734,615,original,raw,False
64,GJ06EPD,272,836,GJO6EPD,0.8868,0.8,1.0,0.734,615,gray,raw,False
64,GJ06EPD,273,836,GJOSEPD,0.8905,0.8,1.0,0.734,615,clahe,raw,False
64,GJ06EPD,274,836,GJOSEPD,0.8606,0.8,1.0,0.734,615,unsharp,raw,False
64,GJ06EPD,275,836,GJOSEPO,0.9422,0.8,1.0,0.734,615,otsu,raw,False
64,GJ06EPD,276,836,GJOSEPD,0.9294,0.8,1.0,0.734,615,adaptive,raw,False
64,GJ06EPD,277,840,GJO6EPD,0.9121,0.8,1.0,0.6913,630,original,raw,False
64,GJ06EPD,278,840,GJO6EPD,0.8638,0.8,1.0,0.6913,630,gray,raw,False
64,GJ06EPD,279,840,GJOSEPD,0.8445,0.8,1.0,0.6913,630,clahe,raw,False
64,GJ06EPD,280,840,GJOSEPD,0.8956,0.8,1.0,0.6913,630,unsharp,raw,False
64,GJ06EPD,281,840,GJ06EPD,0.8954,0.8,1.0,0.6913,630,otsu,raw,False
64,GJ06EPD,282,840,GJOSEPD,0.9949,0.8,1.0,0.6913,630,adaptive,raw,False
64,GJ06EPD,283,844,GJ06FPD,0.8871,0.8,1.0,0.23,460,original,raw,False
64,GJ06EPD,284,844,GJ06FPD,0.8664,0.8,1.0,0.23,460,gray,raw,False
64,GJ06EPD,285,844,GJ06EPD,0.847,0.8,1.0,0.23,460,clahe,raw,False
64,GJ06EPD,286,844,GJ06EPD,0.8642,0.8,1.0,0.23,460,unsharp,raw,False
64,GJ06EPD,287,844,GI06EPD,0.5855,0.8,1.0,0.23,460,otsu,raw,False
64,GJ06EPD,288,844,CJ06EPDI,0.6916,0.8,1.0,0.23,460,adaptive,raw,False
67,AK64DMV,1,412,ONV,0.5678,0.8,1.0,0.2896,112,original,raw,False
67,AK64DMV,2,412,DNY,0.5863,0.8,1.0,0.2896,112,gray,raw,False
67,AK64DMV,3,412,087,0.4551,0.8,1.0,0.2896,112,clahe,raw,False
67,AK64DMV,4,412,087,0.4243,0.8,1.0,0.2896,112,unsharp,raw,False
67,AK64DMV,5,412,0E1,0.2512,0.8,1.0,0.2896,112,otsu,raw,False
67,AK64DMV,6,412,ORT,0.501,0.8,1.0,0.2896,112,adaptive,raw,False
67,AK64DMV,7,416,DNY,0.695,0.8,1.0,0.2029,135,original,raw,False
67,AK64DMV,8,416,DNY,0.6439,0.8,1.0,0.2029,135,gray,raw,False
67,AK64DMV,9,416,ORY,0.6135,0.8,1.0,0.2029,135,clahe,raw,False
67,AK64DMV,10,416,DHY,0.6331,0.8,1.0,0.2029,135,unsharp,raw,False
67,AK64DMV,11,416,DRY,0.7612,0.8,1.0,0.2029,135,otsu,raw,False
67,AK64DMV,12,416,OHY,0.7022,0.8,1.0,0.2029,135,adaptive,raw,False
67,AK64DMV,13,424,3TMV,0.4966,0.8,1.0,0.3967,308,original,raw,False
67,AK64DMV,14,424,3MV,0.3624,0.8,1.0,0.3967,308,gray,raw,False
67,AK64DMV,15,424,1EHY,0.3601,0.8,1.0,0.3967,308,clahe,raw,False
67,AK64DMV,16,424,HY,0.5764,0.8,1.0,0.3967,308,unsharp,raw,False
67,AK64DMV,17,424,YRE,0.3172,0.8,1.0,0.3967,308,otsu,raw,False
67,AK64DMV,18,424,FIINY,0.5472,0.8,1.0,0.3967,308,adaptive,raw,False
67,AK64DMV,19,428,VAEMY,0.4807,0.8,1.0,0.2549,297,original,raw,False
67,AK64DMV,20,428,VADMY,0.5367,0.8,1.0,0.2549,297,gray,raw,False
67,AK64DMV,21,428,VADRY,0.5572,0.8,1.0,0.2549,297,clahe,raw,False
67,AK64DMV,22,428,VADKY,0.6318,0.8,1.0,0.2549,297,unsharp,raw,False
67,AK64DMV,23,428,COEY,0.3726,0.8,1.0,0.2549,297,otsu,raw,False
67,AK64DMV,24,428,VSOKY,0.5297,0.8,1.0,0.2549,297,adaptive,raw,False
67,AK64DMV,25,432,541MV,0.3724,0.8,1.0,0.3161,462,original,raw,False
67,AK64DMV,26,432,540AY,0.4169,0.8,1.0,0.3161,462,gray,raw,False
67,AK64DMV,27,432,SILAV,0.3293,0.8,1.0,0.3161,462,clahe,raw,False
67,AK64DMV,28,432,SILAV,0.4128,0.8,1.0,0.3161,462,unsharp,raw,False
67,AK64DMV,29,432,TM,0.3447,0.8,1.0,0.3161,462,adaptive,raw,False
67,AK64DMV,30,436,VSTENV,0.4986,0.8,1.0,0.3248,510,original,raw,False
67,AK64DMV,31,436,VSTENM,0.4769,0.8,1.0,0.3248,510,gray,raw,False
67,AK64DMV,32,436,VETENY,0.5217,0.8,1.0,0.3248,510,clahe,raw,False
67,AK64DMV,33,436,VETENY,0.4937,0.8,1.0,0.3248,510,unsharp,raw,False
67,AK64DMV,34,436,YE,0.2403,0.8,1.0,0.3248,510,adaptive,raw,False
67,AK64DMV,35,440,54CMV,0.7992,0.8,1.0,0.6995,286,original,raw,False
67,AK64DMV,36,440,54CMV,0.6897,0.8,1.0,0.6995,286,gray,raw,False
67,AK64DMV,37,440,54CHV,0.8371,0.8,1.0,0.6995,286,clahe,raw,False
67,AK64DMV,38,440,54CHV,0.7902,0.8,1.0,0.6995,286,unsharp,raw,False
67,AK64DMV,39,440,EIENV,0.7295,0.8,1.0,0.6995,286,otsu,raw,False
67,AK64DMV,40,440,EICNY,0.7002,0.8,1.0,0.6995,286,adaptive,raw,False
67,AK64DMV,41,444,1540MVI,0.7786,0.8,1.0,0.5628,286,original,raw,False
67,AK64DMV,42,444,1540MVI,0.7658,0.8,1.0,0.5628,286,gray,raw,False
67,AK64DMV,43,444,540MW,0.7036,0.8,1.0,0.5628,286,clahe,raw,False
67,AK64DMV,44,444,E40KW,0.5851,0.8,1.0,0.5628,286,unsharp,raw,False
67,AK64DMV,45,444,540MY,0.8405,0.8,1.0,0.5628,286,otsu,raw,False
67,AK64DMV,46,444,BCO,0.5373,0.8,1.0,0.5628,286,adaptive,raw,False
67,AK64DMV,47,448,K54OMV,0.623,0.8,1.0,0.6687,348,original,raw,False
67,AK64DMV,48,448,K54OMM,0.6298,0.8,1.0,0.6687,348,gray,raw,False
67,AK64DMV,49,448,KSOMV,0.7079,0.8,1.0,0.6687,348,clahe,raw,False
67,AK64DMV,50,448,KSONV,0.6797,0.8,1.0,0.6687,348,unsharp,raw,False
67,AK64DMV,51,448,KSONY,0.8357,0.8,1.0,0.6687,348,otsu,raw,False
67,AK64DMV,52,448,KSSONY,0.7322,0.8,1.0,0.6687,348,adaptive,raw,False
67,AK64DMV,53,452,AK64DMV,0.7743,0.8,1.0,0.6112,403,original,raw,False
67,AK64DMV,54,452,K64DMV,0.7109,0.8,1.0,0.6112,403,gray,raw,False
67,AK64DMV,55,452,XE4DMY,0.5914,0.8,1.0,0.6112,403,clahe,raw,False
67,AK64DMV,56,452,XE4DMY,0.5459,0.8,1.0,0.6112,403,unsharp,raw,False
67,AK64DMV,57,452,TIPN,0.2044,0.8,1.0,0.6112,403,otsu,raw,False
67,AK64DMV,58,452,CIDEI,0.3456,0.8,1.0,0.6112,403,adaptive,raw,False
67,AK64DMV,59,456,M64MV,0.5609,0.8,1.0,0.6699,360,original,raw,False
67,AK64DMV,60,456,M54XV,0.5466,0.8,1.0,0.6699,360,gray,raw,False
67,AK64DMV,61,456,ME4CXY,0.6803,0.8,1.0,0.6699,360,clahe,raw,False
67,AK64DMV,62,456,ME4CXY,0.7531,0.8,1.0,0.6699,360,unsharp,raw,False
67,AK64DMV,63,456,K54677,0.5931,0.8,1.0,0.6699,360,otsu,raw,False
67,AK64DMV,64,456,HEACXY,0.8613,0.8,1.0,0.6699,360,adaptive,raw,False
67,AK64DMV,65,460,K54DMV,0.7523,0.8,1.0,0.6043,416,original,raw,False
67,AK64DMV,66,460,K54DMV,0.7322,0.8,1.0,0.6043,416,gray,raw,False
67,AK64DMV,67,460,K54DMY,0.7273,0.8,1.0,0.6043,416,clahe,raw,False
67,AK64DMV,68,460,K54DMY,0.6845,0.8,1.0,0.6043,416,unsharp,raw,False
67,AK64DMV,69,460,BR54DNY,0.6823,0.8,1.0,0.6043,416,otsu,raw,False
67,AK64DMV,70,460,ARS4DMY,0.626,0.8,1.0,0.6043,416,adaptive,raw,False
67,AK64DMV,71,464,AN64DMY,0.6379,0.8,1.0,0.6143,429,original,raw,False
67,AK64DMV,72,464,AM64DMY,0.6064,0.8,1.0,0.6143,429,gray,raw,False
67,AK64DMV,73,464,AMS4CMY,0.6623,0.8,1.0,0.6143,429,clahe,raw,False
67,AK64DMV,74,464,AMS4CMY,0.5593,0.8,1.0,0.6143,429,unsharp,raw,False
67,AK64DMV,75,464,INBIEXY,0.6011,0.8,1.0,0.6143,429,otsu,raw,False
67,AK64DMV,76,464,INSIEXY,0.6945,0.8,1.0,0.6143,429,adaptive,raw,False
67,AK64DMV,77,468,AME4DMV,0.8125,0.8,1.0,0.6531,462,original,raw,False
67,AK64DMV,78,468,AME4DMV,0.7564,0.8,1.0,0.6531,462,gray,raw,False
67,AK64DMV,79,468,AXE4DMV,0.7316,0.8,1.0,0.6531,462,clahe,raw,False
67,AK64DMV,80,468,AE4DMV,0.6842,0.8,1.0,0.6531,462,unsharp,raw,False
67,AK64DMV,81,468,KEONY,0.6295,0.8,1.0,0.6531,462,otsu,raw,False
67,AK64DMV,82,468,XEONY,0.6978,0.8,1.0,0.6531,462,adaptive,raw,False
67,AK64DMV,83,472,AK64DMY,0.8917,0.8,1.0,0.5658,468,original,raw,False
67,AK64DMV,84,472,AK64DMY,0.8395,0.8,1.0,0.5658,468,gray,raw,False
67,AK64DMV,85,472,AK64CMY,0.7173,0.8,1.0,0.5658,468,clahe,raw,False
67,AK64DMV,86,472,AKG4CMY,0.7004,0.8,1.0,0.5658,468,unsharp,raw,False
67,AK64DMV,87,472,AKCOEXT,0.7105,0.8,1.0,0.5658,468,otsu,raw,False
67,AK64DMV,88,472,AKCECXT,0.6636,0.8,1.0,0.5658,468,adaptive,raw,False
67,AK64DMV,89,476,AK64DMV,0.8096,0.8,1.0,0.6735,525,original,raw,False
67,AK64DMV,90,476,AK64DMV,0.7049,0.8,1.0,0.6735,525,gray,raw,False
67,AK64DMV,91,476,3NE4DMV,0.6604,0.8,1.0,0.6735,525,clahe,raw,False
67,AK64DMV,92,476,3NE4DMV,0.6615,0.8,1.0,0.6735,525,unsharp,raw,False
67,AK64DMV,93,476,JK54ONY,0.6805,0.8,1.0,0.6735,525,otsu,raw,False
67,AK64DMV,94,476,IN54DWY,0.5886,0.8,1.0,0.6735,525,adaptive,raw,False
67,AK64DMV,95,480,AMS4CRVI,0.6426,0.8,1.0,0.6706,518,original,raw,False
67,AK64DMV,96,480,AMS4CRI,0.6525,0.8,1.0,0.6706,518,gray,raw,False
67,AK64DMV,97,480,AN54CRTI,0.6366,0.8,1.0,0.6706,518,clahe,raw,False
67,AK64DMV,98,480,AX54CATI,0.5659,0.8,1.0,0.6706,518,unsharp,raw,False
67,AK64DMV,99,480,LETEAT,0.5114,0.8,1.0,0.6706,518,otsu,raw,False
67,AK64DMV,100,480,LV54CAT,0.7993,0.8,1.0,0.6706,518,adaptive,raw,False
67,AK64DMV,101,484,AN64DMV,0.7701,0.8,1.0,0.6766,518,original,raw,False
67,AK64DMV,102,484,AN64DMV,0.7625,0.8,1.0,0.6766,518,gray,raw,False
67,AK64DMV,103,484,AN64DMY,0.7197,0.8,1.0,0.6766,518,clahe,raw,False
67,AK64DMV,104,484,AN64DMV,0.72,0.8,1.0,0.6766,518,unsharp,raw,False
67,AK64DMV,105,484,M540NY,0.6621,0.8,1.0,0.6766,518,otsu,raw,False
67,AK64DMV,106,484,AM540NY,0.7142,0.8,1.0,0.6766,518,adaptive,raw,False
67,AK64DMV,107,488,ANS4ONV,0.602,0.8,1.0,0.7027,494,original,raw,False
67,AK64DMV,108,488,ANS40NE,0.5428,0.8,1.0,0.7027,494,gray,raw,False
67,AK64DMV,109,488,AKS4OWE,0.6123,0.8,1.0,0.7027,494,clahe,raw,False
67,AK64DMV,110,488,AKS4ONE,0.5097,0.8,1.0,0.7027,494,unsharp,raw,False
67,AK64DMV,111,488,1K310K7,0.4162,0.8,1.0,0.7027,494,otsu,raw,False
67,AK64DMV,112,488,AK56CWY,0.578,0.8,1.0,0.7027,494,adaptive,raw,False
67,AK64DMV,113,492,AK54CMV,0.8232,0.8,1.0,0.7036,532,original,raw,False
67,AK64DMV,114,492,AK54CMV,0.7895,0.8,1.0,0.7036,532,gray,raw,False
67,AK64DMV,115,492,AK54COMV,0.7607,0.8,1.0,0.7036,532,clahe,raw,False
67,AK64DMV,116,492,AK54COMV,0.7469,0.8,1.0,0.7036,532,unsharp,raw,False
67,AK64DMV,117,492,L510,0.4195,0.8,1.0,0.7036,532,otsu,raw,False
67,AK64DMV,118,492,TK54CONY,0.6392,0.8,1.0,0.7036,532,adaptive,raw,False
67,AK64DMV,119,496,AK64DMV,0.8322,0.8,1.0,0.6856,468,original,raw,False
67,AK64DMV,120,496,AK64DMV,0.82,0.8,1.0,0.6856,468,gray,raw,False
67,AK64DMV,121,496,AK64DMY,0.7764,0.8,1.0,0.6856,468,clahe,raw,False
67,AK64DMV,122,496,AK64DMY,0.7451,0.8,1.0,0.6856,468,unsharp,raw,False
67,AK64DMV,123,496,K54OMY,0.7449,0.8,1.0,0.6856,468,otsu,raw,False
67,AK64DMV,124,496,AXG4DMY,0.6327,0.8,1.0,0.6856,468,adaptive,raw,False
67,AK64DMV,125,500,AKE4OWV,0.7893,0.8,1.0,0.7082,546,original,raw,False
67,AK64DMV,126,500,AKE4OWV,0.7636,0.8,1.0,0.7082,546,gray,raw,False
67,AK64DMV,127,500,AKE4CWV,0.8377,0.8,1.0,0.7082,546,clahe,raw,False
67,AK64DMV,128,500,AKE4CHV,0.8162,0.8,1.0,0.7082,546,unsharp,raw,False
67,AK64DMV,129,500,AKE4CNY,0.7979,0.8,1.0,0.7082,546,otsu,raw,False
67,AK64DMV,130,500,AKEACNY,0.8191,0.8,1.0,0.7082,546,adaptive,raw,False
67,AK64DMV,131,504,AKE4CMV,0.863,0.8,1.0,0.7381,560,original,raw,False
67,AK64DMV,132,504,AKE4CMV,0.8871,0.8,1.0,0.7381,560,gray,raw,False
67,AK64DMV,133,504,AKE4OMV,0.8862,0.8,1.0,0.7381,560,clahe,raw,False
67,AK64DMV,134,504,AKE4CMV,0.8678,0.8,1.0,0.7381,560,unsharp,raw,False
67,AK64DMV,135,504,LNECONV,0.6298,0.8,1.0,0.7381,560,otsu,raw,False
67,AK64DMV,136,504,AMERCMY,0.6037,0.8,1.0,0.7381,560,adaptive,raw,False
67,AK64DMV,137,508,AKE4DMV,0.7855,0.8,1.0,0.7288,600,original,raw,False
67,AK64DMV,138,508,AKE4DMV,0.7668,0.8,1.0,0.7288,600,gray,raw,False
67,AK64DMV,139,508,AKE4DMV,0.7973,0.8,1.0,0.7288,600,clahe,raw,False
67,AK64DMV,140,508,AKE4DMV,0.7278,0.8,1.0,0.7288,600,unsharp,raw,False
67,AK64DMV,141,508,CINETONV,0.6578,0.8,1.0,0.7288,600,otsu,raw,False
67,AK64DMV,142,508,AXEENV,0.6875,0.8,1.0,0.7288,600,adaptive,raw,False
67,AK64DMV,143,512,AK54DHV,0.7421,0.8,1.0,0.7211,546,original,raw,False
67,AK64DMV,144,512,AK54DHV,0.678,0.8,1.0,0.7211,546,gray,raw,False
67,AK64DMV,145,512,AKG4DHY,0.7143,0.8,1.0,0.7211,546,clahe,raw,False
67,AK64DMV,146,512,AKG4DHY,0.7194,0.8,1.0,0.7211,546,unsharp,raw,False
67,AK64DMV,147,512,AM64DNY,0.7353,0.8,1.0,0.7211,546,otsu,raw,False
67,AK64DMV,148,512,AMGEDHY,0.8245,0.8,1.0,0.7211,546,adaptive,raw,False
67,AK64DMV,149,516,AK64ONV,0.7584,0.8,1.0,0.7181,546,original,raw,False
67,AK64DMV,150,516,AK64DNV,0.7546,0.8,1.0,0.7181,546,gray,raw,False
67,AK64DMV,151,516,AX64DNV,0.7494,0.8,1.0,0.7181,546,clahe,raw,False
67,AK64DMV,152,516,AX64DNV,0.7422,0.8,1.0,0.7181,546,unsharp,raw,False
67,AK64DMV,153,516,AM64ONY,0.6192,0.8,1.0,0.7181,546,otsu,raw,False
67,AK64DMV,154,516,LKG4OHY,0.399,0.8,1.0,0.7181,546,adaptive,raw,False
67,AK64DMV,155,520,AK64DMV,0.7776,0.8,1.0,0.738,615,original,raw,False
67,AK64DMV,156,520,AK640MV,0.7797,0.8,1.0,0.738,615,gray,raw,False
67,AK64DMV,157,520,AKE4DMV,0.8509,0.8,1.0,0.738,615,clahe,raw,False
67,AK64DMV,158,520,AKE4DMV,0.8616,0.8,1.0,0.738,615,unsharp,raw,False
67,AK64DMV,159,520,AK64DV,0.5971,0.8,1.0,0.738,615,otsu,raw,False
67,AK64DMV,160,520,RKE4DMV,0.5842,0.8,1.0,0.738,615,adaptive,raw,False
67,AK64DMV,161,524,AK54DMV,0.9541,0.8,1.0,0.724,656,original,raw,False
67,AK64DMV,162,524,AK54DMV,0.956,0.8,1.0,0.724,656,gray,raw,False
67,AK64DMV,163,524,AK54DMV,0.9193,0.8,1.0,0.724,656,clahe,raw,False
67,AK64DMV,164,524,AK54DMV,0.8961,0.8,1.0,0.724,656,unsharp,raw,False
67,AK64DMV,165,524,AK64DMY,0.8021,0.8,1.0,0.724,656,otsu,raw,False
67,AK64DMV,166,524,AK54DMY,0.8304,0.8,1.0,0.724,656,adaptive,raw,False
67,AK64DMV,167,528,AK64DMV,0.7739,0.8,1.0,0.7087,630,original,raw,False
67,AK64DMV,168,528,AK64DHV,0.7808,0.8,1.0,0.7087,630,gray,raw,False
67,AK64DMV,169,528,AK64CHV,0.8528,0.8,1.0,0.7087,630,clahe,raw,False
67,AK64DMV,170,528,AK64CHV,0.8295,0.8,1.0,0.7087,630,unsharp,raw,False
67,AK64DMV,171,528,AK64CNY,0.8609,0.8,1.0,0.7087,630,otsu,raw,False
67,AK64DMV,172,528,AK64CKY,0.8997,0.8,1.0,0.7087,630,adaptive,raw,False
67,AK64DMV,173,532,AK64OMV,0.8689,0.8,1.0,0.7563,672,original,raw,False
67,AK64DMV,174,532,AK64OMV,0.8407,0.8,1.0,0.7563,672,gray,raw,False
67,AK64DMV,175,532,AK64OMV,0.8499,0.8,1.0,0.7563,672,clahe,raw,False
67,AK64DMV,176,532,AK64OMV,0.8274,0.8,1.0,0.7563,672,unsharp,raw,False
67,AK64DMV,177,532,AKG4OMV,0.8246,0.8,1.0,0.7563,672,otsu,raw,False
67,AK64DMV,178,532,AKG4OMY,0.7876,0.8,1.0,0.7563,672,adaptive,raw,False
67,AK64DMV,179,536,AK64DMV,0.8716,0.8,1.0,0.7507,656,original,raw,False
67,AK64DMV,180,536,AK64DMV,0.8834,0.8,1.0,0.7507,656,gray,raw,False
67,AK64DMV,181,536,AK64DMV,0.9023,0.8,1.0,0.7507,656,clahe,raw,False
67,AK64DMV,182,536,AK64DMV,0.8552,0.8,1.0,0.7507,656,unsharp,raw,False
67,AK64DMV,183,536,AKS4CMY,0.764,0.8,1.0,0.7507,656,otsu,raw,False
67,AK64DMV,184,536,AK64CHY,0.7351,0.8,1.0,0.7507,656,adaptive,raw,False
67,AK64DMV,185,540,ANS4OMV,0.829,0.8,1.0,0.7357,672,original,raw,False
67,AK64DMV,186,540,ANS4OMV,0.886,0.8,1.0,0.7357,672,gray,raw,False
67,AK64DMV,187,540,AKS4DMV,0.8957,0.8,1.0,0.7357,672,clahe,raw,False
67,AK64DMV,188,540,AKS4DMV,0.8516,0.8,1.0,0.7357,672,unsharp,raw,False
67,AK64DMV,189,540,AK64DMV,0.7359,0.8,1.0,0.7357,672,otsu,raw,False
67,AK64DMV,190,540,ANG4OMV,0.6901,0.8,1.0,0.7357,672,adaptive,raw,False
67,AK64DMV,191,544,AKG4DMV,0.83,0.8,1.0,0.7561,672,original,raw,False
67,AK64DMV,192,544,AKG4DMV,0.8535,0.8,1.0,0.7561,672,gray,raw,False
67,AK64DMV,193,544,AK64DMV,0.8942,0.8,1.0,0.7561,672,clahe,raw,False
67,AK64DMV,194,544,AK64DMV,0.8676,0.8,1.0,0.7561,672,unsharp,raw,False
67,AK64DMV,195,544,AK640MV,0.8545,0.8,1.0,0.7561,672,otsu,raw,False
67,AK64DMV,196,544,AK54OMY,0.8245,0.8,1.0,0.7561,672,adaptive,raw,False
67,AK64DMV,197,548,AKG4OMV,0.8619,0.8,1.0,0.7492,688,original,raw,False
67,AK64DMV,198,548,AKG4OMV,0.8651,0.8,1.0,0.7492,688,gray,raw,False
67,AK64DMV,199,548,AK64DMV,0.8487,0.8,1.0,0.7492,688,clahe,raw,False
67,AK64DMV,200,548,AKG4OMV,0.7804,0.8,1.0,0.7492,688,unsharp,raw,False
67,AK64DMV,201,548,AK64DMV,0.8708,0.8,1.0,0.7492,688,otsu,raw,False
67,AK64DMV,202,548,AKG4OMV,0.7602,0.8,1.0,0.7492,688,adaptive,raw,False
67,AK64DMV,203,552,AKG4DMV,0.8712,0.8,1.0,0.7651,704,original,raw,False
67,AK64DMV,204,552,AKG4DMV,0.8726,0.8,1.0,0.7651,704,gray,raw,False
67,AK64DMV,205,552,AKG6DMV,0.8839,0.8,1.0,0.7651,704,clahe,raw,False
67,AK64DMV,206,552,AKG6DMV,0.8597,0.8,1.0,0.7651,704,unsharp,raw,False
67,AK64DMV,207,552,AK86DMV,0.8231,0.8,1.0,0.7651,704,otsu,raw,False
67,AK64DMV,208,552,AKB6DHY,0.8271,0.8,1.0,0.7651,704,adaptive,raw,False
67,AK64DMV,209,556,AK64DMV,0.9221,0.8,1.0,0.735,688,original,raw,False
67,AK64DMV,210,556,AK64DMV,0.9163,0.8,1.0,0.735,688,gray,raw,False
67,AK64DMV,211,556,AK64DMV,0.8985,0.8,1.0,0.735,688,clahe,raw,False
67,AK64DMV,212,556,AK64DMV,0.8737,0.8,1.0,0.735,688,unsharp,raw,False
67,AK64DMV,213,556,AKG4DMV,0.8422,0.8,1.0,0.735,688,otsu,raw,False
67,AK64DMV,214,556,AKS4DHV,0.775,0.8,1.0,0.735,688,adaptive,raw,False
67,AK64DMV,215,560,AKG4DMV,0.8743,0.8,1.0,0.7885,720,original,raw,False
67,AK64DMV,216,560,AKG4DMV,0.8886,0.8,1.0,0.7885,720,gray,raw,False
67,AK64DMV,217,560,AK64DMV,0.8826,0.8,1.0,0.7885,720,clahe,raw,False
67,AK64DMV,218,560,AK64DMV,0.8482,0.8,1.0,0.7885,720,unsharp,raw,False
67,AK64DMV,219,560,AX64DMV,0.7802,0.8,1.0,0.7885,720,otsu,raw,False
67,AK64DMV,220,560,AKS4DMV,0.7471,0.8,1.0,0.7885,720,adaptive,raw,False
67,AK64DMV,221,564,AK64DMV,0.9263,0.8,1.0,0.7502,720,original,raw,False
67,AK64DMV,222,564,AK64DMV,0.9332,0.8,1.0,0.7502,720,gray,raw,False
67,AK64DMV,223,564,AK64DMV,0.9054,0.8,1.0,0.7502,720,clahe,raw,False
67,AK64DMV,224,564,AK64DMV,0.9094,0.8,1.0,0.7502,720,unsharp,raw,False
67,AK64DMV,225,564,AX64DMV,0.8011,0.8,1.0,0.7502,720,otsu,raw,False
67,AK64DMV,226,564,AK64OMY,0.7115,0.8,1.0,0.7502,720,adaptive,raw,False
67,AK64DMV,227,568,AK64DMV,0.8423,0.8,1.0,0.7721,782,original,raw,False
67,AK64DMV,228,568,AK64DMV,0.8391,0.8,1.0,0.7721,782,gray,raw,False
67,AK64DMV,229,568,AK64OMV,0.8404,0.8,1.0,0.7721,782,clahe,raw,False
67,AK64DMV,230,568,AK64DMV,0.8199,0.8,1.0,0.7721,782,unsharp,raw,False
67,AK64DMV,231,568,AK64ONV,0.8247,0.8,1.0,0.7721,782,otsu,raw,False
67,AK64DMV,232,568,AK64OHV,0.801,0.8,1.0,0.7721,782,adaptive,raw,False
67,AK64DMV,233,572,AK64DMV,0.9286,0.8,1.0,0.79,782,original,raw,False
67,AK64DMV,234,572,AK64DMV,0.9325,0.8,1.0,0.79,782,gray,raw,False
67,AK64DMV,235,572,AK64DMV,0.8851,0.8,1.0,0.79,782,clahe,raw,False
67,AK64DMV,236,572,AK64DMV,0.8296,0.8,1.0,0.79,782,unsharp,raw,False
67,AK64DMV,237,572,AK64DMV,0.7374,0.8,1.0,0.79,782,otsu,raw,False
67,AK64DMV,238,572,AK64DHY,0.7416,0.8,1.0,0.79,782,adaptive,raw,False
67,AK64DMV,239,576,AK64DMV,0.8767,0.8,1.0,0.7729,846,original,raw,False
67,AK64DMV,240,576,AK64DMV,0.8892,0.8,1.0,0.7729,846,gray,raw,False
67,AK64DMV,241,576,AK64DMV,0.9136,0.8,1.0,0.7729,846,clahe,raw,False
67,AK64DMV,242,576,AK64DMV,0.8891,0.8,1.0,0.7729,846,unsharp,raw,False
67,AK64DMV,243,576,AK64ONV,0.7888,0.8,1.0,0.7729,846,otsu,raw,False
67,AK64DMV,244,576,AKG4ONV,0.872,0.8,1.0,0.7729,846,adaptive,raw,False
67,AK64DMV,245,580,AK64DMV,0.9425,0.8,1.0,0.7659,864,original,raw,False
67,AK64DMV,246,580,AK64DMV,0.8703,0.8,1.0,0.7659,864,gray,raw,False
67,AK64DMV,247,580,AK64DMV,0.9212,0.8,1.0,0.7659,864,clahe,raw,False
67,AK64DMV,248,580,AK64DMV,0.9224,0.8,1.0,0.7659,864,unsharp,raw,False
67,AK64DMV,249,580,AK540MV,0.7632,0.8,1.0,0.7659,864,otsu,raw,False
67,AK64DMV,250,580,AK64DMV,0.7371,0.8,1.0,0.7659,864,adaptive,raw,False
67,AK64DMV,251,584,AK640MV,0.9182,0.8,1.0,0.7613,799,original,raw,False
67,AK64DMV,252,584,AK640MV,0.923,0.8,1.0,0.7613,799,gray,raw,False
67,AK64DMV,253,584,AK64DMV,0.8729,0.8,1.0,0.7613,799,clahe,raw,False
67,AK64DMV,254,584,AK640MV,0.857,0.8,1.0,0.7613,799,unsharp,raw,False
67,AK64DMV,255,584,AK64DAY,0.7483,0.8,1.0,0.7613,799,otsu,raw,False
67,AK64DMV,256,584,AKB4DHY,0.8355,0.8,1.0,0.7613,799,adaptive,raw,False
67,AK64DMV,257,588,AK64DMV,0.9106,0.8,1.0,0.7697,864,original,raw,False
67,AK64DMV,258,588,AK64DMV,0.9205,0.8,1.0,0.7697,864,gray,raw,False
67,AK64DMV,259,588,AK64DMV,0.9011,0.8,1.0,0.7697,864,clahe,raw,False
67,AK64DMV,260,588,AK64DMV,0.9168,0.8,1.0,0.7697,864,unsharp,raw,False
67,AK64DMV,261,588,AK54DMY,0.8782,0.8,1.0,0.7697,864,otsu,raw,False
67,AK64DMV,262,588,AKG4DMY,0.8605,0.8,1.0,0.7697,864,adaptive,raw,False
67,AK64DMV,263,592,AK64DMV,0.9177,0.8,1.0,0.7002,931,original,raw,False
67,AK64DMV,264,592,AK64DMV,0.9175,0.8,1.0,0.7002,931,gray,raw,False
67,AK64DMV,265,592,AK64DMV,0.9436,0.8,1.0,0.7002,931,clahe,raw,False
67,AK64DMV,266,592,AK64DMV,0.9191,0.8,1.0,0.7002,931,unsharp,raw,False
67,AK64DMV,267,592,AKS4DMV,0.727,0.8,1.0,0.7002,931,otsu,raw,False
67,AK64DMV,268,592,AKS4DMV,0.8339,0.8,1.0,0.7002,931,adaptive,raw,False
67,AK64DMV,269,596,AK64DHV,0.8929,0.8,1.0,0.7013,882,original,raw,False
67,AK64DMV,270,596,AK64DHV,0.9012,0.8,1.0,0.7013,882,gray,raw,False
67,AK64DMV,271,596,AK64DMV,0.9192,0.8,1.0,0.7013,882,clahe,raw,False
67,AK64DMV,272,596,AK64DMV,0.9042,0.8,1.0,0.7013,882,unsharp,raw,False
67,AK64DMV,273,596,AK64DMV,0.882,0.8,1.0,0.7013,882,otsu,raw,False
67,AK64DMV,274,596,AK64DMV,0.8902,0.8,1.0,0.7013,882,adaptive,raw,False
67,AK64DMV,275,600,AK64DMV,0.9323,0.8,1.0,0.7662,750,original,raw,False
67,AK64DMV,276,600,AK64DMV,0.9298,0.8,1.0,0.7662,750,gray,raw,False
67,AK64DMV,277,600,AK64DMV,0.9363,0.8,1.0,0.7662,750,clahe,raw,False
67,AK64DMV,278,600,AK64DMV,0.9391,0.8,1.0,0.7662,750,unsharp,raw,False
67,AK64DMV,279,600,AK64DMV,0.8979,0.8,1.0,0.7662,750,otsu,raw,False
67,AK64DMV,280,600,AK64DHV,0.8121,0.8,1.0,0.7662,750,adaptive,raw,False
67,AK64DMV,281,604,AK64MV,0.8091,0.8,1.0,0.593,550,original,raw,False
67,AK64DMV,282,604,AK64V,0.7439,0.8,1.0,0.593,550,gray,raw,False
67,AK64DMV,283,604,AK64V,0.906,0.8,1.0,0.593,550,clahe,raw,False
67,AK64DMV,284,604,AK64MV,0.8435,0.8,1.0,0.593,550,unsharp,raw,False
67,AK64DMV,285,604,K64NMV,0.6509,0.8,1.0,0.593,550,otsu,raw,False
67,AK64DMV,286,604,AK64NYV,0.7048,0.8,1.0,0.593,550,adaptive,raw,False
73,KH06KSU,1,716,H06KSU,0.7292,0.8,1.0,0.2338,656,original,raw,False
73,KH06KSU,2,716,H06KSU,0.7002,0.8,1.0,0.2338,656,gray,raw,False
73,KH06KSU,3,716,06KSU,0.7467,0.8,1.0,0.2338,656,clahe,raw,False
73,KH06KSU,4,716,06KSU,0.7149,0.8,1.0,0.2338,656,unsharp,raw,False
73,KH06KSU,5,716,EXOGISU,0.6853,0.8,1.0,0.2338,656,otsu,raw,False
73,KH06KSU,6,716,NOAKSU,0.5486,0.8,1.0,0.2338,656,adaptive,raw,False
73,KH06KSU,7,724,KHOBKSU,0.8399,0.8,1.0,0.4862,774,original,raw,False
73,KH06KSU,8,724,KHO6KSU,0.764,0.8,1.0,0.4862,774,gray,raw,False
73,KH06KSU,9,724,KHO6KSU,0.8017,0.8,1.0,0.4862,774,clahe,raw,False
73,KH06KSU,10,724,KHOSKSU,0.7941,0.8,1.0,0.4862,774,unsharp,raw,False
73,KH06KSU,11,724,NHOSNSU,0.723,0.8,1.0,0.4862,774,otsu,raw,False
73,KH06KSU,12,724,KHOSKSU,0.9107,0.8,1.0,0.4862,774,adaptive,raw,False
73,KH06KSU,13,728,XHOGKSU,0.8602,0.8,1.0,0.5516,645,original,raw,False
73,KH06KSU,14,728,XHOGKSU,0.8396,0.8,1.0,0.5516,645,gray,raw,False
73,KH06KSU,15,728,XHO6KSU,0.8224,0.8,1.0,0.5516,645,clahe,raw,False
73,KH06KSU,16,728,XHO6KSU,0.8228,0.8,1.0,0.5516,645,unsharp,raw,False
73,KH06KSU,17,728,XHOSKSU,0.86,0.8,1.0,0.5516,645,otsu,raw,False
73,KH06KSU,18,728,XHOGKSU,0.9405,0.8,1.0,0.5516,645,adaptive,raw,False
73,KH06KSU,19,732,KH06KSU,0.8824,0.8,1.0,0.5109,688,original,raw,False
73,KH06KSU,20,732,KH06KSU,0.8369,0.8,1.0,0.5109,688,gray,raw,False
73,KH06KSU,21,732,KH06KSU,0.8747,0.8,1.0,0.5109,688,clahe,raw,False
73,KH06KSU,22,732,KH06KSU,0.8609,0.8,1.0,0.5109,688,unsharp,raw,False
73,KH06KSU,23,732,HHOEKSU,0.7716,0.8,1.0,0.5109,688,otsu,raw,False
73,KH06KSU,24,732,KHOSKSU,0.8197,0.8,1.0,0.5109,688,adaptive,raw,False
73,KH06KSU,25,736,KHOSKSU,0.963,0.8,1.0,0.5635,714,original,raw,False
73,KH06KSU,26,736,KHOSKSU,0.8764,0.8,1.0,0.5635,714,gray,raw,False
73,KH06KSU,27,736,KHOSKSU,0.8932,0.8,1.0,0.5635,714,clahe,raw,False
73,KH06KSU,28,736,KHOSKSU,0.8873,0.8,1.0,0.5635,714,unsharp,raw,False
73,KH06KSU,29,736,KHOSKSU,0.9841,0.8,1.0,0.5635,714,otsu,raw,False
73,KH06KSU,30,736,KHOSKSU,0.8555,0.8,1.0,0.5635,714,adaptive,raw,False
73,KH06KSU,31,740,KHOGKSU,0.95,0.8,1.0,0.6662,731,original,raw,False
73,KH06KSU,32,740,KHOGKSU,0.9162,0.8,1.0,0.6662,731,gray,raw,False
73,KH06KSU,33,740,KHDGKSU,0.8462,0.8,1.0,0.6662,731,clahe,raw,False
73,KH06KSU,34,740,KHDGKSU,0.8679,0.8,1.0,0.6662,731,unsharp,raw,False
73,KH06KSU,35,740,KH05KSU,0.8096,0.8,1.0,0.6662,731,otsu,raw,False
73,KH06KSU,36,740,KHOGKSU,0.9864,0.8,1.0,0.6662,731,adaptive,raw,False
73,KH06KSU,37,744,KHOGKSU,0.8945,0.8,1.0,0.6705,704,original,raw,False
73,KH06KSU,38,744,KHOGKSU,0.9035,0.8,1.0,0.6705,704,gray,raw,False
73,KH06KSU,39,744,KHO5KSU,0.8254,0.8,1.0,0.6705,704,clahe,raw,False
73,KH06KSU,40,744,KHO5KSU,0.8216,0.8,1.0,0.6705,704,unsharp,raw,False
73,KH06KSU,41,744,KHO6KSU,0.8331,0.8,1.0,0.6705,704,otsu,raw,False
73,KH06KSU,42,744,KHOGKSU,0.8306,0.8,1.0,0.6705,704,adaptive,raw,False
73,KH06KSU,43,748,KH06KSU,0.8831,0.8,1.0,0.6759,765,original,raw,False
73,KH06KSU,44,748,KH06KSU,0.8998,0.8,1.0,0.6759,765,gray,raw,False
73,KH06KSU,45,748,KHO6KSU,0.838,0.8,1.0,0.6759,765,clahe,raw,False
73,KH06KSU,46,748,KHO6KSU,0.8306,0.8,1.0,0.6759,765,unsharp,raw,False
73,KH06KSU,47,748,KHOSKSU,0.8339,0.8,1.0,0.6759,765,otsu,raw,False
73,KH06KSU,48,748,KHOGKSU,0.9002,0.8,1.0,0.6759,765,adaptive,raw,False
73,KH06KSU,49,752,KHO6KSU,0.834,0.8,1.0,0.6844,748,original,raw,False
73,KH06KSU,50,752,KHO6KSU,0.8301,0.8,1.0,0.6844,748,gray,raw,False
73,KH06KSU,51,752,KHOGKSU,0.8451,0.8,1.0,0.6844,748,clahe,raw,False
73,KH06KSU,52,752,KHOGKSU,0.8521,0.8,1.0,0.6844,748,unsharp,raw,False
73,KH06KSU,53,752,KHOSKSU,0.8782,0.8,1.0,0.6844,748,otsu,raw,False
73,KH06KSU,54,752,KHO6KSU,0.8704,0.8,1.0,0.6844,748,adaptive,raw,False
73,KH06KSU,55,756,KHO6KSU,0.8788,0.8,1.0,0.6751,765,original,raw,False
73,KH06KSU,56,756,KHO6KSU,0.8843,0.8,1.0,0.6751,765,gray,raw,False
73,KH06KSU,57,756,KHOGKSU,0.8814,0.8,1.0,0.6751,765,clahe,raw,False
73,KH06KSU,58,756,KHOGKSU,0.8725,0.8,1.0,0.6751,765,unsharp,raw,False
73,KH06KSU,59,756,KH06NSU,0.8283,0.8,1.0,0.6751,765,otsu,raw,False
73,KH06KSU,60,756,KH06KSU,0.746,0.8,1.0,0.6751,765,adaptive,raw,False
73,KH06KSU,61,760,KHOGKSU,0.8592,0.8,1.0,0.6634,675,original,raw,False
73,KH06KSU,62,760,KHO6KSU,0.8254,0.8,1.0,0.6634,675,gray,raw,False
73,KH06KSU,63,760,KHOGKSU,0.9004,0.8,1.0,0.6634,675,clahe,raw,False
73,KH06KSU,64,760,KHOGKSU,0.9101,0.8,1.0,0.6634,675,unsharp,raw,False
73,KH06KSU,65,760,KHOSXSU,0.8592,0.8,1.0,0.6634,675,otsu,raw,False
73,KH06KSU,66,760,KHOSXSU,0.8984,0.8,1.0,0.6634,675,adaptive,raw,False
73,KH06KSU,67,764,LKHOEKSU,0.7403,0.8,1.0,0.3953,432,original,raw,False
73,KH06KSU,68,764,KHOEKSU,0.7774,0.8,1.0,0.3953,432,gray,raw,False
73,KH06KSU,69,764,KHOSKCU,0.7021,0.8,1.0,0.3953,432,clahe,raw,False
73,KH06KSU,70,764,XHOGKCU,0.6173,0.8,1.0,0.3953,432,unsharp,raw,False
73,KH06KSU,71,764,JKHOSVCU,0.5662,0.8,1.0,0.3953,432,otsu,raw,False
73,KH06KSU,72,764,AXHOSXCU,0.7699,0.8,1.0,0.3953,432,adaptive,raw,False
86,EF10DZT,1,528,EFID12T,0.698,0.8,1.0,0.5404,442,original,raw,False
86,EF10DZT,2,528,EFD121,0.6412,0.8,1.0,0.5404,442,gray,raw,False
86,EF10DZT,3,528,EF1D121,0.6388,0.8,1.0,0.5404,442,clahe,raw,False
86,EF10DZT,4,528,EF1D121,0.6236,0.8,1.0,0.5404,442,unsharp,raw,False
86,EF10DZT,5,528,EPRI,0.5998,0.8,1.0,0.5404,442,otsu,raw,False
86,EF10DZT,6,528,B19M21,0.4269,0.8,1.0,0.5404,442,adaptive,raw,False
86,EF10DZT,7,532,EFIO1ZT,0.8077,0.8,1.0,0.5167,420,original,raw,False
86,EF10DZT,8,532,EF101ZT,0.7122,0.8,1.0,0.5167,420,gray,raw,False
86,EF10DZT,9,532,EF10BZT,0.7495,0.8,1.0,0.5167,420,clahe,raw,False
86,EF10DZT,10,532,16310BZT,0.5975,0.8,1.0,0.5167,420,unsharp,raw,False
86,EF10DZT,11,532,LSXODZT,0.5334,0.8,1.0,0.5167,420,otsu,raw,False
86,EF10DZT,12,532,GOD2T,0.4365,0.8,1.0,0.5167,420,adaptive,raw,False
86,EF10DZT,13,536,EFIDDZT,0.931,0.8,1.0,0.6222,476,original,raw,False
86,EF10DZT,14,536,EFIDDZT,0.8792,0.8,1.0,0.6222,476,gray,raw,False
86,EF10DZT,15,536,EFIODZT,0.8425,0.8,1.0,0.6222,476,clahe,raw,False
86,EF10DZT,16,536,EFIODZT,0.8842,0.8,1.0,0.6222,476,unsharp,raw,False
86,EF10DZT,17,536,EF10DZT,0.7083,0.8,1.0,0.6222,476,otsu,raw,False
86,EF10DZT,18,536,EFIODZT,0.8751,0.8,1.0,0.6222,476,adaptive,raw,False
86,EF10DZT,19,540,EF1DD2T,0.8052,0.8,1.0,0.6889,525,original,raw,False
86,EF10DZT,20,540,EF1DD02T,0.7287,0.8,1.0,0.6889,525,gray,raw,False
86,EF10DZT,21,540,EF1DDZT,0.8146,0.8,1.0,0.6889,525,clahe,raw,False
86,EF10DZT,22,540,EF1DDZT,0.8105,0.8,1.0,0.6889,525,unsharp,raw,False
86,EF10DZT,23,540,EF10D27,0.9328,0.8,1.0,0.6889,525,otsu,raw,False
86,EF10DZT,24,540,EF10021,0.763,0.8,1.0,0.6889,525,adaptive,raw,False
86,EF10DZT,25,544,EFIODRT,0.8385,0.8,1.0,0.6898,560,original,raw,False
86,EF10DZT,26,544,EFIODRT,0.8305,0.8,1.0,0.6898,560,gray,raw,False
86,EF10DZT,27,544,EFIDDZT,0.8598,0.8,1.0,0.6898,560,clahe,raw,False
86,EF10DZT,28,544,EFIDDZT,0.8713,0.8,1.0,0.6898,560,unsharp,raw,False
86,EF10DZT,29,544,EFI007,0.7176,0.8,1.0,0.6898,560,otsu,raw,False
86,EF10DZT,30,544,EFIOD2T,0.8767,0.8,1.0,0.6898,560,adaptive,raw,False
86,EF10DZT,31,548,EFIDDZT,0.8254,0.8,1.0,0.6563,576,original,raw,False
86,EF10DZT,32,548,EFIDDZ1,0.7487,0.8,1.0,0.6563,576,gray,raw,False
86,EF10DZT,33,548,EFIDDZT,0.6818,0.8,1.0,0.6563,576,clahe,raw,False
86,EF10DZT,34,548,EFIDDZE,0.7164,0.8,1.0,0.6563,576,unsharp,raw,False
86,EF10DZT,35,548,EFIODZI,0.7725,0.8,1.0,0.6563,576,otsu,raw,False
86,EF10DZT,36,548,EF1ODZT,0.5635,0.8,1.0,0.6563,576,adaptive,raw,False
86,EF10DZT,37,552,EFIODZT,0.7916,0.8,1.0,0.6411,518,original,raw,False
86,EF10DZT,38,552,EF10RZT,0.7727,0.8,1.0,0.6411,518,gray,raw,False
86,EF10DZT,39,552,EF10DZT,0.8408,0.8,1.0,0.6411,518,clahe,raw,False
86,EF10DZT,40,552,EF10DZT,0.8566,0.8,1.0,0.6411,518,unsharp,raw,False
86,EF10DZT,41,552,E2X0021,0.5638,0.8,1.0,0.6411,518,otsu,raw,False
86,EF10DZT,42,552,ESODZT,0.7449,0.8,1.0,0.6411,518,adaptive,raw,False
86,EF10DZT,43,556,EFIODZT,0.7927,0.8,1.0,0.6585,540,original,raw,False
86,EF10DZT,44,556,EF100ZT,0.6845,0.8,1.0,0.6585,540,gray,raw,False
86,EF10DZT,45,556,EFIODZT,0.8444,0.8,1.0,0.6585,540,clahe,raw,False
86,EF10DZT,46,556,EF1OOZT,0.7168,0.8,1.0,0.6585,540,unsharp,raw,False
86,EF10DZT,47,556,EFIODZT,0.8551,0.8,1.0,0.6585,540,otsu,raw,False
86,EF10DZT,48,556,EFIODZT,0.7196,0.8,1.0,0.6585,540,adaptive,raw,False
86,EF10DZT,49,560,EFIODZT,0.9173,0.8,1.0,0.6843,555,original,raw,False
86,EF10DZT,50,560,EFIODZT,0.8798,0.8,1.0,0.6843,555,gray,raw,False
86,EF10DZT,51,560,EFIODZT,0.8888,0.8,1.0,0.6843,555,clahe,raw,False
86,EF10DZT,52,560,EFIODZT,0.8893,0.8,1.0,0.6843,555,unsharp,raw,False
86,EF10DZT,53,560,EF1OD21,0.8989,0.8,1.0,0.6843,555,otsu,raw,False
86,EF10DZT,54,560,EF1OD21,0.8511,0.8,1.0,0.6843,555,adaptive,raw,False
86,EF10DZT,55,564,EF1O0ZT,0.6547,0.8,1.0,0.6624,608,original,raw,False
86,EF10DZT,56,564,EF10BZT,0.6804,0.8,1.0,0.6624,608,gray,raw,False
86,EF10DZT,57,564,EF1ODZT,0.7661,0.8,1.0,0.6624,608,clahe,raw,False
86,EF10DZT,58,564,EF1ODZT,0.7617,0.8,1.0,0.6624,608,unsharp,raw,False
86,EF10DZT,59,564,EF10DZ7,0.8065,0.8,1.0,0.6624,608,otsu,raw,False
86,EF10DZT,60,564,EFIOCZT,0.868,0.8,1.0,0.6624,608,adaptive,raw,False
86,EF10DZT,61,568,EFIOOZT,0.796,0.8,1.0,0.671,540,original,raw,False
86,EF10DZT,62,568,EFIOOZT,0.7643,0.8,1.0,0.671,540,gray,raw,False
86,EF10DZT,63,568,EFIOOZT,0.8211,0.8,1.0,0.671,540,clahe,raw,False
86,EF10DZT,64,568,EFIOOZT,0.8338,0.8,1.0,0.671,540,unsharp,raw,False
86,EF10DZT,65,568,EFIODZT,0.9273,0.8,1.0,0.671,540,otsu,raw,False
86,EF10DZT,66,568,EF1ODZT,0.8052,0.8,1.0,0.671,540,adaptive,raw,False
86,EF10DZT,67,572,EFIDBZT,0.8205,0.8,1.0,0.6637,646,original,raw,False
86,EF10DZT,68,572,EFIDB2T,0.7968,0.8,1.0,0.6637,646,gray,raw,False
86,EF10DZT,69,572,EFIDDZT,0.8452,0.8,1.0,0.6637,646,clahe,raw,False
86,EF10DZT,70,572,EFIDDZT,0.8037,0.8,1.0,0.6637,646,unsharp,raw,False
86,EF10DZT,71,572,EFIODZT,0.8474,0.8,1.0,0.6637,646,otsu,raw,False
86,EF10DZT,72,572,EFIODZT,0.7849,0.8,1.0,0.6637,646,adaptive,raw,False
86,EF10DZT,73,576,EFIDD2T,0.8653,0.8,1.0,0.6418,570,original,raw,False
86,EF10DZT,74,576,EFIDD2T,0.7931,0.8,1.0,0.6418,570,gray,raw,False
86,EF10DZT,75,576,EFIDDZT,0.8899,0.8,1.0,0.6418,570,clahe,raw,False
86,EF10DZT,76,576,EFIDDZT,0.8899,0.8,1.0,0.6418,570,unsharp,raw,False
86,EF10DZT,77,576,EFIDOZY,0.796,0.8,1.0,0.6418,570,otsu,raw,False
86,EF10DZT,78,576,EFIDDZT,0.9049,0.8,1.0,0.6418,570,adaptive,raw,False
86,EF10DZT,79,580,EFIDDZT,0.761,0.8,1.0,0.6764,646,original,raw,False
86,EF10DZT,80,580,EFI0D27,0.6175,0.8,1.0,0.6764,646,gray,raw,False
86,EF10DZT,81,580,EFIDDZT,0.8693,0.8,1.0,0.6764,646,clahe,raw,False
86,EF10DZT,82,580,EFIDDZT,0.9035,0.8,1.0,0.6764,646,unsharp,raw,False
86,EF10DZT,83,580,EFIODZT,0.8687,0.8,1.0,0.6764,646,otsu,raw,False
86,EF10DZT,84,580,EFIODZT,0.9142,0.8,1.0,0.6764,646,adaptive,raw,False
86,EF10DZT,85,584,EFIDO2T,0.7444,0.8,1.0,0.6357,738,original,raw,False
86,EF10DZT,86,584,EFIDO2T,0.7341,0.8,1.0,0.6357,738,gray,raw,False
86,EF10DZT,87,584,EF10DZT,0.7739,0.8,1.0,0.6357,738,clahe,raw,False
86,EF10DZT,88,584,EF2DOZT,0.7296,0.8,1.0,0.6357,738,unsharp,raw,False
86,EF10DZT,89,584,EF10OZ7,0.7054,0.8,1.0,0.6357,738,otsu,raw,False
86,EF10DZT,90,584,EFIOOZT,0.8194,0.8,1.0,0.6357,738,adaptive,raw,False
86,EF10DZT,91,588,EFIOD2T,0.8293,0.8,1.0,0.707,608,original,raw,False
86,EF10DZT,92,588,EFIOD2T,0.8268,0.8,1.0,0.707,608,gray,raw,False
86,EF10DZT,93,588,EFIOD2T,0.8467,0.8,1.0,0.707,608,clahe,raw,False
86,EF10DZT,94,588,EFI0021,0.6975,0.8,1.0,0.707,608,unsharp,raw,False
86,EF10DZT,95,588,EFIOD21,0.6842,0.8,1.0,0.707,608,otsu,raw,False
86,EF10DZT,96,588,EF1O021,0.7261,0.8,1.0,0.707,608,adaptive,raw,False
86,EF10DZT,97,592,EFIODZT,0.8625,0.8,1.0,0.6148,656,original,raw,False
86,EF10DZT,98,592,EFIODZT,0.8649,0.8,1.0,0.6148,656,gray,raw,False
86,EF10DZT,99,592,EFIODZT,0.899,0.8,1.0,0.6148,656,clahe,raw,False
86,EF10DZT,100,592,EFIODZT,0.9336,0.8,1.0,0.6148,656,unsharp,raw,False
86,EF10DZT,101,592,EFIOD2T,0.9135,0.8,1.0,0.6148,656,otsu,raw,False
86,EF10DZT,102,592,EF1OD2T,0.8268,0.8,1.0,0.6148,656,adaptive,raw,False
86,EF10DZT,103,596,EFIODZT,0.8788,0.8,1.0,0.6967,720,original,raw,False
86,EF10DZT,104,596,EFIODZT,0.8672,0.8,1.0,0.6967,720,gray,raw,False
86,EF10DZT,105,596,EFIODZT,0.9055,0.8,1.0,0.6967,720,clahe,raw,False
86,EF10DZT,106,596,EFIDDZT,0.8897,0.8,1.0,0.6967,720,unsharp,raw,False
86,EF10DZT,107,596,EFIDOZT,0.9448,0.8,1.0,0.6967,720,otsu,raw,False
86,EF10DZT,108,596,EFIODZT,0.7811,0.8,1.0,0.6967,720,adaptive,raw,False
86,EF10DZT,109,600,EF10D2T,0.7963,0.8,1.0,0.6484,738,original,raw,False
86,EF10DZT,110,600,EF10D2T,0.82,0.8,1.0,0.6484,738,gray,raw,False
86,EF10DZT,111,600,EF10DZT,0.8444,0.8,1.0,0.6484,738,clahe,raw,False
86,EF10DZT,112,600,EF10DZT,0.8331,0.8,1.0,0.6484,738,unsharp,raw,False
86,EF10DZT,113,600,EFIOD21,0.8909,0.8,1.0,0.6484,738,otsu,raw,False
86,EF10DZT,114,600,EFIOD2T,0.8371,0.8,1.0,0.6484,738,adaptive,raw,False
86,EF10DZT,115,604,EFIODZT,0.8619,0.8,1.0,0.684,756,original,raw,False
86,EF10DZT,116,604,EFI0DZT,0.8662,0.8,1.0,0.684,756,gray,raw,False
86,EF10DZT,117,604,EFIODZT,0.8988,0.8,1.0,0.684,756,clahe,raw,False
86,EF10DZT,118,604,EFIODZT,0.907,0.8,1.0,0.684,756,unsharp,raw,False
86,EF10DZT,119,604,EFIOO2T,0.7048,0.8,1.0,0.684,756,otsu,raw,False
86,EF10DZT,120,604,EFIOOZT,0.852,0.8,1.0,0.684,756,adaptive,raw,False
86,EF10DZT,121,608,EFIODZT,0.8692,0.8,1.0,0.6739,756,original,raw,False
86,EF10DZT,122,608,EFIODZT,0.8616,0.8,1.0,0.6739,756,gray,raw,False
86,EF10DZT,123,608,EFIODZT,0.8874,0.8,1.0,0.6739,756,clahe,raw,False
86,EF10DZT,124,608,EFIODZT,0.903,0.8,1.0,0.6739,756,unsharp,raw,False
86,EF10DZT,125,608,EFIOOZT,0.9369,0.8,1.0,0.6739,756,otsu,raw,False
86,EF10DZT,126,608,EFIODZT,0.9595,0.8,1.0,0.6739,756,adaptive,raw,False
86,EF10DZT,127,612,EF10D2T,0.7832,0.8,1.0,0.6703,860,original,raw,False
86,EF10DZT,128,612,EF10D2T,0.7975,0.8,1.0,0.6703,860,gray,raw,False
86,EF10DZT,129,612,EF10D2T,0.878,0.8,1.0,0.6703,860,clahe,raw,False
86,EF10DZT,130,612,EF10D2T,0.8258,0.8,1.0,0.6703,860,unsharp,raw,False
86,EF10DZT,131,612,EF10D2T,0.854,0.8,1.0,0.6703,860,otsu,raw,False
86,EF10DZT,132,612,EFIODZT,0.8855,0.8,1.0,0.6703,860,adaptive,raw,False
86,EF10DZT,133,616,EF1ODZT,0.749,0.8,1.0,0.6608,798,original,raw,False
86,EF10DZT,134,616,ES1ODZT,0.7374,0.8,1.0,0.6608,798,gray,raw,False
86,EF10DZT,135,616,EF10DZT,0.8727,0.8,1.0,0.6608,798,clahe,raw,False
86,EF10DZT,136,616,ER10DZTI,0.7865,0.8,1.0,0.6608,798,unsharp,raw,False
86,EF10DZT,137,616,EFIODZT,0.9257,0.8,1.0,0.6608,798,otsu,raw,False
86,EF10DZT,138,616,EFIODZT,0.9179,0.8,1.0,0.6608,798,adaptive,raw,False
86,EF10DZT,139,620,EFIODZT,0.9049,0.8,1.0,0.6988,738,original,raw,False
86,EF10DZT,140,620,EFIODZT,0.913,0.8,1.0,0.6988,738,gray,raw,False
86,EF10DZT,141,620,EFIODZT,0.8968,0.8,1.0,0.6988,738,clahe,raw,False
86,EF10DZT,142,620,EFIODZT,0.864,0.8,1.0,0.6988,738,unsharp,raw,False
86,EF10DZT,143,620,EFIODZT,0.9618,0.8,1.0,0.6988,738,otsu,raw,False
86,EF10DZT,144,620,EFIODZT,0.8746,0.8,1.0,0.6988,738,adaptive,raw,False
86,EF10DZT,145,624,EFIODZT,0.9224,0.8,1.0,0.7109,880,original,raw,False
86,EF10DZT,146,624,EFIODZT,0.9075,0.8,1.0,0.7109,880,gray,raw,False
86,EF10DZT,147,624,EFIODZT,0.876,0.8,1.0,0.7109,880,clahe,raw,False
86,EF10DZT,148,624,EF1ODZT,0.8532,0.8,1.0,0.7109,880,unsharp,raw,False
86,EF10DZT,149,624,EFIODZT,0.9795,0.8,1.0,0.7109,880,otsu,raw,False
86,EF10DZT,150,624,EFIODZT,0.9039,0.8,1.0,0.7109,880,adaptive,raw,False
86,EF10DZT,151,628,EF1ODZT,0.8278,0.8,1.0,0.6954,836,original,raw,False
86,EF10DZT,152,628,EF1ODZT,0.8037,0.8,1.0,0.6954,836,gray,raw,False
86,EF10DZT,153,628,EF10DZT,0.8689,0.8,1.0,0.6954,836,clahe,raw,False
86,EF10DZT,154,628,EF10DZT,0.8628,0.8,1.0,0.6954,836,unsharp,raw,False
86,EF10DZT,155,628,EFIODZT,0.9225,0.8,1.0,0.6954,836,otsu,raw,False
86,EF10DZT,156,628,EF10DZT,0.8701,0.8,1.0,0.6954,836,adaptive,raw,False
86,EF10DZT,157,632,EFIODZT,0.8399,0.8,1.0,0.6576,602,original,raw,False
86,EF10DZT,158,632,EF10DZT,0.8928,0.8,1.0,0.6576,602,gray,raw,False
86,EF10DZT,159,632,EFI0DZT,0.8696,0.8,1.0,0.6576,602,clahe,raw,False
86,EF10DZT,160,632,EF10DZT,0.8951,0.8,1.0,0.6576,602,unsharp,raw,False
86,EF10DZT,161,632,EF10DZJ,0.8013,0.8,1.0,0.6576,602,otsu,raw,False
86,EF10DZT,162,632,EF10DZJ,0.9452,0.8,1.0,0.6576,602,adaptive,raw,False
95,EY09VWS,1,808,L16VE,0.3671,0.8,1.0,0.2181,319,original,raw,False
95,EY09VWS,2,808,LE16VE,0.2842,0.8,1.0,0.2181,319,gray,raw,False
95,EY09VWS,3,808,LIGJTE,0.5035,0.8,1.0,0.2181,319,clahe,raw,False
95,EY09VWS,4,808,LICATEA,0.4196,0.8,1.0,0.2181,319,unsharp,raw,False
95,EY09VWS,5,808,LET,0.4967,0.8,1.0,0.2181,319,otsu,raw,False
95,EY09VWS,6,808,TICHN,0.4501,0.8,1.0,0.2181,319,adaptive,raw,False
95,EY09VWS,7,824,ET03ES,0.5047,0.8,1.0,0.2614,319,original,raw,False
95,EY09VWS,8,824,ET037VS,0.5218,0.8,1.0,0.2614,319,gray,raw,False
95,EY09VWS,9,824,ETO3TTS,0.6764,0.8,1.0,0.2614,319,clahe,raw,False
95,EY09VWS,10,824,TO3TTS,0.6497,0.8,1.0,0.2614,319,unsharp,raw,False
95,EY09VWS,11,824,LI,0.5728,0.8,1.0,0.2614,319,otsu,raw,False
95,EY09VWS,12,824,CTOSM,0.3783,0.8,1.0,0.2614,319,adaptive,raw,False
95,EY09VWS,13,828,EXDSYES,0.6756,0.8,1.0,0.2794,360,original,raw,False
95,EY09VWS,14,828,EXDAYES,0.7343,0.8,1.0,0.2794,360,gray,raw,False
95,EY09VWS,15,828,LEAYOR,0.5652,0.8,1.0,0.2794,360,clahe,raw,False
95,EY09VWS,16,828,LEAYOR,0.4228,0.8,1.0,0.2794,360,unsharp,raw,False
95,EY09VWS,17,828,TET,0.6646,0.8,1.0,0.2794,360,otsu,raw,False
95,EY09VWS,18,828,MMM,0.6213,0.8,1.0,0.2794,360,adaptive,raw,False
95,EY09VWS,19,836,LOT,0.3113,0.8,1.0,0.483,319,original,raw,False
95,EY09VWS,20,836,EYOLYES,0.4146,0.8,1.0,0.483,319,gray,raw,False
95,EY09VWS,21,836,EYOLT,0.3662,0.8,1.0,0.483,319,clahe,raw,False
95,EY09VWS,22,836,LO1T,0.4077,0.8,1.0,0.483,319,unsharp,raw,False
95,EY09VWS,23,836,INS,0.2395,0.8,1.0,0.483,319,adaptive,raw,False
95,EY09VWS,24,840,LETOVES,0.6562,0.8,1.0,0.4112,434,original,raw,False
95,EY09VWS,25,840,LETOVES,0.6357,0.8,1.0,0.4112,434,gray,raw,False
95,EY09VWS,26,840,LETEOVES,0.5379,0.8,1.0,0.4112,434,clahe,raw,False
95,EY09VWS,27,840,LETEOVE,0.5369,0.8,1.0,0.4112,434,unsharp,raw,False
95,EY09VWS,28,840,0,0.5471,0.8,1.0,0.4112,434,otsu,raw,False
95,EY09VWS,29,840,TM,0.2619,0.8,1.0,0.4112,434,adaptive,raw,False
95,EY09VWS,30,844,E10E,0.2388,0.8,1.0,0.509,330,original,raw,False
95,EY09VWS,31,844,ERTE,0.4048,0.8,1.0,0.509,330,gray,raw,False
95,EY09VWS,32,844,LE0GTE,0.4118,0.8,1.0,0.509,330,clahe,raw,False
95,EY09VWS,33,844,E1GTE,0.3253,0.8,1.0,0.509,330,unsharp,raw,False
95,EY09VWS,34,844,LGTS,0.4765,0.8,1.0,0.509,330,otsu,raw,False
95,EY09VWS,35,844,GIOM,0.5,0.8,1.0,0.509,330,adaptive,raw,False
95,EY09VWS,36,848,ET03TYS,0.4485,0.8,1.0,0.6037,319,original,raw,False
95,EY09VWS,37,848,ET00TY3,0.4035,0.8,1.0,0.6037,319,gray,raw,False
95,EY09VWS,38,848,E100TA,0.3711,0.8,1.0,0.6037,319,clahe,raw,False
95,EY09VWS,39,848,E101T3,0.4355,0.8,1.0,0.6037,319,unsharp,raw,False
95,EY09VWS,40,848,TNA,0.3405,0.8,1.0,0.6037,319,otsu,raw,False
95,EY09VWS,41,848,LT,0.2434,0.8,1.0,0.6037,319,adaptive,raw,False
95,EY09VWS,42,852,E709YES,0.5344,0.8,1.0,0.5161,290,original,raw,False
95,EY09VWS,43,852,E70IYYS,0.5722,0.8,1.0,0.5161,290,gray,raw,False
95,EY09VWS,44,852,ET03YVR,0.4255,0.8,1.0,0.5161,290,clahe,raw,False
95,EY09VWS,45,852,ET01YR,0.4018,0.8,1.0,0.5161,290,unsharp,raw,False
95,EY09VWS,46,852,CIOT,0.4772,0.8,1.0,0.5161,290,otsu,raw,False
95,EY09VWS,47,852,CRO,0.3501,0.8,1.0,0.5161,290,adaptive,raw,False
95,EY09VWS,48,856,LE303YES,0.6683,0.8,1.0,0.5125,403,original,raw,False
95,EY09VWS,49,856,LEX03ES,0.6629,0.8,1.0,0.5125,403,gray,raw,False
95,EY09VWS,50,856,EX03YTS,0.6965,0.8,1.0,0.5125,403,clahe,raw,False
95,EY09VWS,51,856,EX03YTS,0.6608,0.8,1.0,0.5125,403,unsharp,raw,False
95,EY09VWS,52,856,C0OTE,0.55,0.8,1.0,0.5125,403,otsu,raw,False
95,EY09VWS,53,856,GIOVEE,0.5417,0.8,1.0,0.5125,403,adaptive,raw,False
95,EY09VWS,54,860,EYOIYNS,0.5009,0.8,1.0,0.5019,319,original,raw,False
95,EY09VWS,55,860,ETOIYYS,0.4973,0.8,1.0,0.5019,319,gray,raw,False
95,EY09VWS,56,860,EVOOVES,0.4981,0.8,1.0,0.5019,319,clahe,raw,False
95,EY09VWS,57,860,ETOOVES,0.4253,0.8,1.0,0.5019,319,unsharp,raw,False
95,EY09VWS,58,860,LLTA,0.2357,0.8,1.0,0.5019,319,otsu,raw,False
95,EY09VWS,59,860,TMA,0.2586,0.8,1.0,0.5019,319,adaptive,raw,False
95,EY09VWS,60,864,EYIOYYS,0.617,0.8,1.0,0.5386,372,original,raw,False
95,EY09VWS,61,864,EYOYYS,0.6188,0.8,1.0,0.5386,372,gray,raw,False
95,EY09VWS,62,864,LYTTE,0.4878,0.8,1.0,0.5386,372,clahe,raw,False
95,EY09VWS,63,864,LYTTE,0.5666,0.8,1.0,0.5386,372,unsharp,raw,False
95,EY09VWS,64,864,CTB,0.5462,0.8,1.0,0.5386,372,otsu,raw,False
95,EY09VWS,65,864,TATTE,0.3295,0.8,1.0,0.5386,372,adaptive,raw,False
95,EY09VWS,66,868,FYO3VES,0.5675,0.8,1.0,0.7167,390,original,raw,False
95,EY09VWS,67,868,GO3VS,0.4298,0.8,1.0,0.7167,390,gray,raw,False
95,EY09VWS,68,868,G103YTS,0.4894,0.8,1.0,0.7167,390,clahe,raw,False
95,EY09VWS,69,868,GU03WES,0.4944,0.8,1.0,0.7167,390,unsharp,raw,False
95,EY09VWS,70,868,LT,0.2861,0.8,1.0,0.7167,390,otsu,raw,False
95,EY09VWS,71,868,TAOMS,0.4037,0.8,1.0,0.7167,390,adaptive,raw,False
95,EY09VWS,72,872,EROVYS,0.4716,0.8,1.0,0.6607,360,original,raw,False
95,EY09VWS,73,872,EXOVYS,0.5799,0.8,1.0,0.6607,360,gray,raw,False
95,EY09VWS,74,872,LYOYY3,0.7501,0.8,1.0,0.6607,360,clahe,raw,False
95,EY09VWS,75,872,LYOYY3,0.7083,0.8,1.0,0.6607,360,unsharp,raw,False
95,EY09VWS,76,872,COTB,0.4484,0.8,1.0,0.6607,360,otsu,raw,False
95,EY09VWS,77,872,MOMA,0.3399,0.8,1.0,0.6607,360,adaptive,raw,False
95,EY09VWS,78,876,EYOUNES,0.5544,0.8,1.0,0.5587,403,original,raw,False
95,EY09VWS,79,876,EYONES,0.5803,0.8,1.0,0.5587,403,gray,raw,False
95,EY09VWS,80,876,EYOLTES,0.6377,0.8,1.0,0.5587,403,clahe,raw,False
95,EY09VWS,81,876,EYOLTES,0.4833,0.8,1.0,0.5587,403,unsharp,raw,False
95,EY09VWS,82,876,CTOFTTR,0.4521,0.8,1.0,0.5587,403,otsu,raw,False
95,EY09VWS,83,876,YIOSTA,0.2541,0.8,1.0,0.5587,403,adaptive,raw,False
95,EY09VWS,84,880,EY03YES,0.7258,0.8,1.0,0.6996,434,original,raw,False
95,EY09VWS,85,880,EY03YES,0.7159,0.8,1.0,0.6996,434,gray,raw,False
95,EY09VWS,86,880,EY03YTS,0.61,0.8,1.0,0.6996,434,clahe,raw,False
95,EY09VWS,87,880,EYO3YTS,0.5444,0.8,1.0,0.6996,434,unsharp,raw,False
95,EY09VWS,88,880,CEITE,0.5988,0.8,1.0,0.6996,434,otsu,raw,False
95,EY09VWS,89,880,CICAV,0.2999,0.8,1.0,0.6996,434,adaptive,raw,False
95,EY09VWS,90,884,EYOSYES,0.806,0.8,1.0,0.7193,372,original,raw,False
95,EY09VWS,91,884,EYOSYES,0.7996,0.8,1.0,0.7193,372,gray,raw,False
95,EY09VWS,92,884,EYOSYES,0.7064,0.8,1.0,0.7193,372,clahe,raw,False
95,EY09VWS,93,884,EYOSYES,0.633,0.8,1.0,0.7193,372,unsharp,raw,False
95,EY09VWS,94,884,CEIA,0.6414,0.8,1.0,0.7193,372,otsu,raw,False
95,EY09VWS,95,884,EOY,0.3443,0.8,1.0,0.7193,372,adaptive,raw,False
95,EY09VWS,96,888,EYDRYES,0.7831,0.8,1.0,0.7362,372,original,raw,False
95,EY09VWS,97,888,EYDRYES,0.7121,0.8,1.0,0.7362,372,gray,raw,False
95,EY09VWS,98,888,EYDEYES,0.6907,0.8,1.0,0.7362,372,clahe,raw,False
95,EY09VWS,99,888,EYDEYES,0.7324,0.8,1.0,0.7362,372,unsharp,raw,False
95,EY09VWS,100,888,CMXT,0.4487,0.8,1.0,0.7362,372,otsu,raw,False
95,EY09VWS,101,888,CTDEVES,0.3654,0.8,1.0,0.7362,372,adaptive,raw,False
95,EY09VWS,102,892,EYGEVES,0.6488,0.8,1.0,0.7506,416,original,raw,False
95,EY09VWS,103,892,EYGAVES,0.5054,0.8,1.0,0.7506,416,gray,raw,False
95,EY09VWS,104,892,EY63V1S,0.6533,0.8,1.0,0.7506,416,clahe,raw,False
95,EY09VWS,105,892,EY63V1S,0.6402,0.8,1.0,0.7506,416,unsharp,raw,False
95,EY09VWS,106,892,GT,0.5694,0.8,1.0,0.7506,416,otsu,raw,False
95,EY09VWS,107,892,GTSAVES,0.5291,0.8,1.0,0.7506,416,adaptive,raw,False
95,EY09VWS,108,896,E2DBVES,0.6622,0.8,1.0,0.6463,429,original,raw,False
95,EY09VWS,109,896,E2DBVES,0.6706,0.8,1.0,0.6463,429,gray,raw,False
95,EY09VWS,110,896,EYDYES,0.5073,0.8,1.0,0.6463,429,clahe,raw,False
95,EY09VWS,111,896,ETDEES,0.4509,0.8,1.0,0.6463,429,unsharp,raw,False
95,EY09VWS,112,896,CLTS,0.6754,0.8,1.0,0.6463,429,otsu,raw,False
95,EY09VWS,113,896,STAGCOTS,0.4553,0.8,1.0,0.6463,429,adaptive,raw,False
95,EY09VWS,114,900,EYOEVVS,0.721,0.8,1.0,0.6922,448,original,raw,False
95,EY09VWS,115,900,EYOEVVS,0.72,0.8,1.0,0.6922,448,gray,raw,False
95,EY09VWS,116,900,EYOINYS,0.7005,0.8,1.0,0.6922,448,clahe,raw,False
95,EY09VWS,117,900,EYOIYS,0.7327,0.8,1.0,0.6922,448,unsharp,raw,False
95,EY09VWS,118,900,GIMB,0.3651,0.8,1.0,0.6922,448,otsu,raw,False
95,EY09VWS,119,900,GICTWS,0.4212,0.8,1.0,0.6922,448,adaptive,raw,False
95,EY09VWS,120,904,EY09YS,0.5838,0.8,1.0,0.7331,462,original,raw,False
95,EY09VWS,121,904,LEY09YYS,0.4905,0.8,1.0,0.7331,462,gray,raw,False
95,EY09VWS,122,904,EY09VYS,0.7844,0.8,1.0,0.7331,462,clahe,raw,False
95,EY09VWS,123,904,EY09VYS,0.8003,0.8,1.0,0.7331,462,unsharp,raw,False
95,EY09VWS,124,904,CT09YIS,0.773,0.8,1.0,0.7331,462,otsu,raw,False
95,EY09VWS,125,904,C709V1S,0.6221,0.8,1.0,0.7331,462,adaptive,raw,False
95,EY09VWS,126,908,ENOOVMS,0.7201,0.8,1.0,0.7245,495,original,raw,False
95,EY09VWS,127,908,EYOOVMS,0.715,0.8,1.0,0.7245,495,gray,raw,False
95,EY09VWS,128,908,EYO9VWS,0.6491,0.8,1.0,0.7245,495,clahe,raw,False
95,EY09VWS,129,908,EYOOVWS,0.7466,0.8,1.0,0.7245,495,unsharp,raw,False
95,EY09VWS,130,908,LTTITE,0.6693,0.8,1.0,0.7245,495,otsu,raw,False
95,EY09VWS,131,908,ETCOVLS,0.5334,0.8,1.0,0.7245,495,adaptive,raw,False
95,EY09VWS,132,912,EYD9VES,0.6868,0.8,1.0,0.7384,442,original,raw,False
95,EY09VWS,133,912,EY09VIS,0.6558,0.8,1.0,0.7384,442,gray,raw,False
95,EY09VWS,134,912,EYOBYIS,0.7204,0.8,1.0,0.7384,442,clahe,raw,False
95,EY09VWS,135,912,EYOSYYS,0.7614,0.8,1.0,0.7384,442,unsharp,raw,False
95,EY09VWS,136,912,EYO3MTS,0.6876,0.8,1.0,0.7384,442,otsu,raw,False
95,EY09VWS,137,912,EYOEVTS,0.6063,0.8,1.0,0.7384,442,adaptive,raw,False
95,EY09VWS,138,916,ER09VMS,0.6955,0.8,1.0,0.727,429,original,raw,False
95,EY09VWS,139,916,EP09YMS,0.6997,0.8,1.0,0.727,429,gray,raw,False
95,EY09VWS,140,916,ERO9YYS,0.5161,0.8,1.0,0.727,429,clahe,raw,False
95,EY09VWS,141,916,ER09YYS,0.5471,0.8,1.0,0.727,429,unsharp,raw,False
95,EY09VWS,142,916,E205V75,0.5626,0.8,1.0,0.727,429,otsu,raw,False
95,EY09VWS,143,916,E105VVS,0.516,0.8,1.0,0.727,429,adaptive,raw,False
95,EY09VWS,144,920,EYO9VWS,0.6776,0.8,1.0,0.7183,476,original,raw,False
95,EY09VWS,145,920,EYOSVWS,0.6722,0.8,1.0,0.7183,476,gray,raw,False
95,EY09VWS,146,920,EYOSVYS,0.7514,0.8,1.0,0.7183,476,clahe,raw,False
95,EY09VWS,147,920,LYOSVYS,0.7219,0.8,1.0,0.7183,476,unsharp,raw,False
95,EY09VWS,148,920,CY09VYS,0.7933,0.8,1.0,0.7183,476,otsu,raw,False
95,EY09VWS,149,920,EY09VS,0.5746,0.8,1.0,0.7183,476,adaptive,raw,False
95,EY09VWS,150,924,EX0SVVS,0.6574,0.8,1.0,0.6999,525,original,raw,False
95,EY09VWS,151,924,EX09YS,0.7918,0.8,1.0,0.6999,525,gray,raw,False
95,EY09VWS,152,924,EYOSYYS,0.8583,0.8,1.0,0.6999,525,clahe,raw,False
95,EY09VWS,153,924,EYOSYYS,0.8522,0.8,1.0,0.6999,525,unsharp,raw,False
95,EY09VWS,154,924,LIOTE,0.6714,0.8,1.0,0.6999,525,otsu,raw,False
95,EY09VWS,155,924,EICVS,0.6108,0.8,1.0,0.6999,525,adaptive,raw,False
95,EY09VWS,156,928,EY0SVIS,0.7316,0.8,1.0,0.7552,476,original,raw,False
95,EY09VWS,157,928,EY09VES,0.7605,0.8,1.0,0.7552,476,gray,raw,False
95,EY09VWS,158,928,EY091TS,0.7188,0.8,1.0,0.7552,476,clahe,raw,False
95,EY09VWS,159,928,EY091T5,0.7068,0.8,1.0,0.7552,476,unsharp,raw,False
95,EY09VWS,160,928,E103103,0.799,0.8,1.0,0.7552,476,otsu,raw,False
95,EY09VWS,161,928,EY0OTTS,0.5124,0.8,1.0,0.7552,476,adaptive,raw,False
95,EY09VWS,162,932,EY09VWS,0.8108,0.8,1.0,0.7382,525,original,raw,False
95,EY09VWS,163,932,EY09VWS,0.8114,0.8,1.0,0.7382,525,gray,raw,False
95,EY09VWS,164,932,EY097YS,0.8139,0.8,1.0,0.7382,525,clahe,raw,False
95,EY09VWS,165,932,LY0971S,0.7464,0.8,1.0,0.7382,525,unsharp,raw,False
95,EY09VWS,166,932,LY09105,0.7173,0.8,1.0,0.7382,525,otsu,raw,False
95,EY09VWS,167,932,LY09115,0.5389,0.8,1.0,0.7382,525,adaptive,raw,False
95,EY09VWS,168,936,EY09VMS,0.8165,0.8,1.0,0.7204,490,original,raw,False
95,EY09VWS,169,936,EY09VMS,0.8329,0.8,1.0,0.7204,490,gray,raw,False
95,EY09VWS,170,936,EY09VWS,0.7859,0.8,1.0,0.7204,490,clahe,raw,False
95,EY09VWS,171,936,EY09VS,0.82,0.8,1.0,0.7204,490,unsharp,raw,False
95,EY09VWS,172,936,ER09VUS,0.5561,0.8,1.0,0.7204,490,otsu,raw,False
95,EY09VWS,173,936,EYO9VYS,0.5264,0.8,1.0,0.7204,490,adaptive,raw,False
95,EY09VWS,174,940,LYOSVVS,0.6243,0.8,1.0,0.7367,504,original,raw,False
95,EY09VWS,175,940,EY09VVS,0.5769,0.8,1.0,0.7367,504,gray,raw,False
95,EY09VWS,176,940,LYOSVS,0.482,0.8,1.0,0.7367,504,clahe,raw,False
95,EY09VWS,177,940,LYOEVVS,0.4756,0.8,1.0,0.7367,504,unsharp,raw,False
95,EY09VWS,178,940,ETO3YYS,0.5848,0.8,1.0,0.7367,504,otsu,raw,False
95,EY09VWS,179,940,ERCAVIS,0.678,0.8,1.0,0.7367,504,adaptive,raw,False
95,EY09VWS,180,944,EYO9VUS,0.7948,0.8,1.0,0.7395,518,original,raw,False
95,EY09VWS,181,944,EYOSVUS,0.704,0.8,1.0,0.7395,518,gray,raw,False
95,EY09VWS,182,944,EYOSVUS,0.7589,0.8,1.0,0.7395,518,clahe,raw,False
95,EY09VWS,183,944,EYO9VUS,0.7763,0.8,1.0,0.7395,518,unsharp,raw,False
95,EY09VWS,184,944,EYCSVIS,0.5615,0.8,1.0,0.7395,518,otsu,raw,False
95,EY09VWS,185,944,HEYG9VYS,0.6711,0.8,1.0,0.7395,518,adaptive,raw,False
95,EY09VWS,186,948,EY09VMS,0.9057,0.8,1.0,0.748,518,original,raw,False
95,EY09VWS,187,948,EY09VMS,0.9129,0.8,1.0,0.748,518,gray,raw,False
95,EY09VWS,188,948,EY09VMS,0.9066,0.8,1.0,0.748,518,clahe,raw,False
95,EY09VWS,189,948,EY09VMS,0.8999,0.8,1.0,0.748,518,unsharp,raw,False
95,EY09VWS,190,948,EY09VYS,0.7642,0.8,1.0,0.748,518,otsu,raw,False
95,EY09VWS,191,948,EY09VVS,0.8246,0.8,1.0,0.748,518,adaptive,raw,False
95,EY09VWS,192,952,EYOSVMS,0.9349,0.8,1.0,0.7143,555,original,raw,False
95,EY09VWS,193,952,EYOSVMS,0.9441,0.8,1.0,0.7143,555,gray,raw,False
95,EY09VWS,194,952,EYOSVMS,0.9315,0.8,1.0,0.7143,555,clahe,raw,False
95,EY09VWS,195,952,EYOSVMS,0.9344,0.8,1.0,0.7143,555,unsharp,raw,False
95,EY09VWS,196,952,EYO9VNS,0.7648,0.8,1.0,0.7143,555,otsu,raw,False
95,EY09VWS,197,952,EY09VYS,0.7844,0.8,1.0,0.7143,555,adaptive,raw,False
95,EY09VWS,198,956,EY0SVMS,0.8456,0.8,1.0,0.7267,555,original,raw,False
95,EY09VWS,199,956,EY0SVMS,0.848,0.8,1.0,0.7267,555,gray,raw,False
95,EY09VWS,200,956,EY09VMS,0.8731,0.8,1.0,0.7267,555,clahe,raw,False
95,EY09VWS,201,956,EY0SVMS,0.8051,0.8,1.0,0.7267,555,unsharp,raw,False
95,EY09VWS,202,956,E109VYS,0.7365,0.8,1.0,0.7267,555,otsu,raw,False
95,EY09VWS,203,956,EY09VVS,0.8349,0.8,1.0,0.7267,555,adaptive,raw,False
95,EY09VWS,204,960,EY0SVMS,0.8227,0.8,1.0,0.7319,555,original,raw,False
95,EY09VWS,205,960,EY0SVMS,0.8334,0.8,1.0,0.7319,555,gray,raw,False
95,EY09VWS,206,960,EY0SVWS,0.7918,0.8,1.0,0.7319,555,clahe,raw,False
95,EY09VWS,207,960,EY09VVS,0.804,0.8,1.0,0.7319,555,unsharp,raw,False
95,EY09VWS,208,960,ET09YYS,0.7801,0.8,1.0,0.7319,555,otsu,raw,False
95,EY09VWS,209,960,EY09VVS,0.7125,0.8,1.0,0.7319,555,adaptive,raw,False
95,EY09VWS,210,964,EY09VMS,0.9131,0.8,1.0,0.7604,532,original,raw,False
95,EY09VWS,211,964,EY09VMS,0.8529,0.8,1.0,0.7604,532,gray,raw,False
95,EY09VWS,212,964,EY09VMS,0.8518,0.8,1.0,0.7604,532,clahe,raw,False
95,EY09VWS,213,964,EY09VIS,0.8468,0.8,1.0,0.7604,532,unsharp,raw,False
95,EY09VWS,214,964,ET09VVS,0.7946,0.8,1.0,0.7604,532,otsu,raw,False
95,EY09VWS,215,964,ET09V1S,0.6898,0.8,1.0,0.7604,532,adaptive,raw,False
95,EY09VWS,216,968,EY09VMS,0.8005,0.8,1.0,0.7556,585,original,raw,False
95,EY09VWS,217,968,EY09VMS,0.7026,0.8,1.0,0.7556,585,gray,raw,False
95,EY09VWS,218,968,EY09VMS,0.7486,0.8,1.0,0.7556,585,clahe,raw,False
95,EY09VWS,219,968,EY09VYS,0.7762,0.8,1.0,0.7556,585,unsharp,raw,False
95,EY09VWS,220,968,EY09YVS,0.7072,0.8,1.0,0.7556,585,otsu,raw,False
95,EY09VWS,221,968,ETO9GYS,0.5075,0.8,1.0,0.7556,585,adaptive,raw,False
95,EY09VWS,222,972,EY09VWS,0.8024,0.8,1.0,0.7381,608,original,raw,False
95,EY09VWS,223,972,EY0SVYS,0.7474,0.8,1.0,0.7381,608,gray,raw,False
95,EY09VWS,224,972,EY09VYS,0.889,0.8,1.0,0.7381,608,clahe,raw,False
95,EY09VWS,225,972,EY09VYS,0.8276,0.8,1.0,0.7381,608,unsharp,raw,False
95,EY09VWS,226,972,EY09VVS,0.8063,0.8,1.0,0.7381,608,otsu,raw,False
95,EY09VWS,227,972,EY03VYS,0.7607,0.8,1.0,0.7381,608,adaptive,raw,False
95,EY09VWS,228,976,EY09VS,0.8112,0.8,1.0,0.7405,624,original,raw,False
95,EY09VWS,229,976,EY09VS,0.7849,0.8,1.0,0.7405,624,gray,raw,False
95,EY09VWS,230,976,EYD9VS,0.8463,0.8,1.0,0.7405,624,clahe,raw,False
95,EY09VWS,231,976,EYD9VS,0.8671,0.8,1.0,0.7405,624,unsharp,raw,False
95,EY09VWS,232,976,EY09VS,0.9156,0.8,1.0,0.7405,624,otsu,raw,False
95,EY09VWS,233,976,EYO9VYS,0.7963,0.8,1.0,0.7405,624,adaptive,raw,False
95,EY09VWS,234,980,EY09VMS,0.8894,0.8,1.0,0.7595,585,original,raw,False
95,EY09VWS,235,980,EY09VMS,0.8901,0.8,1.0,0.7595,585,gray,raw,False
95,EY09VWS,236,980,EY09VMS,0.8426,0.8,1.0,0.7595,585,clahe,raw,False
95,EY09VWS,237,980,EY09VMS,0.8496,0.8,1.0,0.7595,585,unsharp,raw,False
95,EY09VWS,238,980,EY09VVS,0.8601,0.8,1.0,0.7595,585,otsu,raw,False
95,EY09VWS,239,980,EY09VYS,0.8588,0.8,1.0,0.7595,585,adaptive,raw,False
95,EY09VWS,240,984,EY09VWS,0.9162,0.8,1.0,0.7395,600,original,raw,False
95,EY09VWS,241,984,EY09VWS,0.8832,0.8,1.0,0.7395,600,gray,raw,False
95,EY09VWS,242,984,EY09VMS,0.8901,0.8,1.0,0.7395,600,clahe,raw,False
95,EY09VWS,243,984,EY09VMS,0.871,0.8,1.0,0.7395,600,unsharp,raw,False
95,EY09VWS,244,984,EY09YVS,0.7798,0.8,1.0,0.7395,600,otsu,raw,False
95,EY09VWS,245,984,EY09VYS,0.7198,0.8,1.0,0.7395,600,adaptive,raw,False
95,EY09VWS,246,988,EY09VWS,0.8082,0.8,1.0,0.7203,714,original,raw,False
95,EY09VWS,247,988,EY09V1S,0.7532,0.8,1.0,0.7203,714,gray,raw,False
95,EY09VWS,248,988,EY09YUS,0.9147,0.8,1.0,0.7203,714,clahe,raw,False
95,EY09VWS,249,988,EY09YUS,0.9306,0.8,1.0,0.7203,714,unsharp,raw,False
95,EY09VWS,250,988,EY09YU3,0.8243,0.8,1.0,0.7203,714,otsu,raw,False
95,EY09VWS,251,988,EY09VUS,0.6544,0.8,1.0,0.7203,714,adaptive,raw,False
95,EY09VWS,252,992,EY09VVS,0.8665,0.8,1.0,0.7468,630,original,raw,False
95,EY09VWS,253,992,EY09VVS,0.8804,0.8,1.0,0.7468,630,gray,raw,False
95,EY09VWS,254,992,EY09VVS,0.8973,0.8,1.0,0.7468,630,clahe,raw,False
95,EY09VWS,255,992,EY09VVS,0.9002,0.8,1.0,0.7468,630,unsharp,raw,False
95,EY09VWS,256,992,EY09VVS,0.9033,0.8,1.0,0.7468,630,otsu,raw,False
95,EY09VWS,257,992,EY09VYS,0.8386,0.8,1.0,0.7468,630,adaptive,raw,False
95,EY09VWS,258,996,EY09VMS,0.8065,0.8,1.0,0.7402,688,original,raw,False
95,EY09VWS,259,996,EY09VMS,0.7679,0.8,1.0,0.7402,688,gray,raw,False
95,EY09VWS,260,996,EY09VMS,0.7873,0.8,1.0,0.7402,688,clahe,raw,False
95,EY09VWS,261,996,EY09VMS,0.7456,0.8,1.0,0.7402,688,unsharp,raw,False
95,EY09VWS,262,996,EY09VVS,0.8741,0.8,1.0,0.7402,688,otsu,raw,False
95,EY09VWS,263,996,EY09VNS,0.7183,0.8,1.0,0.7402,688,adaptive,raw,False
95,EY09VWS,264,1000,EY09YWS,0.9114,0.8,1.0,0.7457,731,original,raw,False
95,EY09VWS,265,1000,EY09YWS,0.8465,0.8,1.0,0.7457,731,gray,raw,False
95,EY09VWS,266,1000,EY09YNS,0.8294,0.8,1.0,0.7457,731,clahe,raw,False
95,EY09VWS,267,1000,EY09YNS,0.8044,0.8,1.0,0.7457,731,unsharp,raw,False
95,EY09VWS,268,1000,EY09YTS,0.8239,0.8,1.0,0.7457,731,otsu,raw,False
95,EY09VWS,269,1000,EYOYIS,0.6188,0.8,1.0,0.7457,731,adaptive,raw,False
95,EY09VWS,270,1004,EY09VWS,0.8492,0.8,1.0,0.7667,731,original,raw,False
95,EY09VWS,271,1004,EY09VWS,0.8499,0.8,1.0,0.7667,731,gray,raw,False
95,EY09VWS,272,1004,EY09VWS,0.9373,0.8,1.0,0.7667,731,clahe,raw,False
95,EY09VWS,273,1004,EY09VWS,0.9097,0.8,1.0,0.7667,731,unsharp,raw,False
95,EY09VWS,274,1004,EY09VVS,0.7879,0.8,1.0,0.7667,731,otsu,raw,False
95,EY09VWS,275,1004,LEY09VYS,0.7541,0.8,1.0,0.7667,731,adaptive,raw,False
95,EY09VWS,276,1008,EY09VMS,0.8892,0.8,1.0,0.7407,731,original,raw,False
95,EY09VWS,277,1008,EY09VMS,0.8828,0.8,1.0,0.7407,731,gray,raw,False
95,EY09VWS,278,1008,EY09VMS,0.8442,0.8,1.0,0.7407,731,clahe,raw,False
95,EY09VWS,279,1008,EY09VMS,0.8522,0.8,1.0,0.7407,731,unsharp,raw,False
95,EY09VWS,280,1008,EY09VVS,0.9019,0.8,1.0,0.7407,731,otsu,raw,False
95,EY09VWS,281,1008,EY09VVS,0.8267,0.8,1.0,0.7407,731,adaptive,raw,False
95,EY09VWS,282,1012,EY09VWS,0.9042,0.8,1.0,0.7613,731,original,raw,False
95,EY09VWS,283,1012,EY09VWS,0.8704,0.8,1.0,0.7613,731,gray,raw,False
95,EY09VWS,284,1012,EY09VWS,0.9199,0.8,1.0,0.7613,731,clahe,raw,False
95,EY09VWS,285,1012,EY09VYS,0.8463,0.8,1.0,0.7613,731,unsharp,raw,False
95,EY09VWS,286,1012,EY09YVS,0.8832,0.8,1.0,0.7613,731,otsu,raw,False
95,EY09VWS,287,1012,EY09YYS,0.8255,0.8,1.0,0.7613,731,adaptive,raw,False
95,EY09VWS,288,1016,EY09VWS,0.9165,0.8,1.0,0.7353,748,original,raw,False
95,EY09VWS,289,1016,EY09VMS,0.8654,0.8,1.0,0.7353,748,gray,raw,False
95,EY09VWS,290,1016,EY09VWS,0.8868,0.8,1.0,0.7353,748,clahe,raw,False
95,EY09VWS,291,1016,EY09VMS,0.919,0.8,1.0,0.7353,748,unsharp,raw,False
95,EY09VWS,292,1016,EY09VVS,0.9093,0.8,1.0,0.7353,748,otsu,raw,False
95,EY09VWS,293,1016,EY09VYS,0.7511,0.8,1.0,0.7353,748,adaptive,raw,False
95,EY09VWS,294,1020,EY09VWS,0.9739,0.8,1.0,0.7663,731,original,raw,False
95,EY09VWS,295,1020,EY09VWS,0.9721,0.8,1.0,0.7663,731,gray,raw,False
95,EY09VWS,296,1020,EY09VWS,0.9392,0.8,1.0,0.7663,731,clahe,raw,False
95,EY09VWS,297,1020,EY09VWS,0.933,0.8,1.0,0.7663,731,unsharp,raw,False
95,EY09VWS,298,1020,EY09VUS,0.8833,0.8,1.0,0.7663,731,otsu,raw,False
95,EY09VWS,299,1020,EY09VYS,0.8327,0.8,1.0,0.7663,731,adaptive,raw,False
95,EY09VWS,300,1024,EY09VMS,0.9198,0.8,1.0,0.7458,765,original,raw,False
95,EY09VWS,301,1024,EY09VMS,0.9159,0.8,1.0,0.7458,765,gray,raw,False
95,EY09VWS,302,1024,EY09VMS,0.9516,0.8,1.0,0.7458,765,clahe,raw,False
95,EY09VWS,303,1024,EY09VMS,0.9388,0.8,1.0,0.7458,765,unsharp,raw,False
95,EY09VWS,304,1024,EY09VVS,0.8203,0.8,1.0,0.7458,765,otsu,raw,False
95,EY09VWS,305,1024,EY09VYS,0.8816,0.8,1.0,0.7458,765,adaptive,raw,False
95,EY09VWS,306,1028,EYOSVWS,0.8804,0.8,1.0,0.646,828,original,raw,False
95,EY09VWS,307,1028,EYO9VWS,0.8516,0.8,1.0,0.646,828,gray,raw,False
95,EY09VWS,308,1028,EYOSVWS,0.8039,0.8,1.0,0.646,828,clahe,raw,False
95,EY09VWS,309,1028,EYOSVNS,0.8173,0.8,1.0,0.646,828,unsharp,raw,False
95,EY09VWS,310,1028,EY09VWS,0.8904,0.8,1.0,0.646,828,otsu,raw,False
95,EY09VWS,311,1028,EY09VWS,0.7884,0.8,1.0,0.646,828,adaptive,raw,False
95,EY09VWS,312,1032,EY09VNS,0.788,0.8,1.0,0.5534,585,original,raw,False
95,EY09VWS,313,1032,EY09VWS,0.8188,0.8,1.0,0.5534,585,gray,raw,False
95,EY09VWS,314,1032,EY09VMS,0.8024,0.8,1.0,0.5534,585,clahe,raw,False
95,EY09VWS,315,1032,EY09VMS,0.8117,0.8,1.0,0.5534,585,unsharp,raw,False
95,EY09VWS,316,1032,EY09VWS,0.8198,0.8,1.0,0.5534,585,otsu,raw,False
95,EY09VWS,317,1032,EY09VYS,0.8827,0.8,1.0,0.5534,585,adaptive,raw,False
